ID,日期,用户名,评分,标题,内容,是否编辑过
13359454540,2025-11-05T13:06:19Z,ASD-SIR,5,【持续更新】一些小建议,"1.希望能有一些可以基础可以调整的选项，尤其是lut希望能调整浓度。
2.希望lut等调整可以批量复制和调整
3.批量导出
4.可以有分类，视频一类，滤镜一类，照片一类，类似这种。
5. 希望有锁屏快捷进入按钮
6.媒体库里的live查看的时候有个缩放动画，否则照片一旦很多，推出到媒体库就不知道刚刚点开的是哪个。
7.媒体库里的live查看的时候希望不用循环播放，因为我想直接看定格的照片是哪一张。
8.批量导出！！！快开放！！希望能有一个功能是直接输出到相册，不用后续导出的设置",False
13334842839,2025-10-30T19:00:27Z,Luki Lau,3,不尽人意,①框架设计不错，有做专业和简易区分，但还有进步空间，如专业的能给到更多的调节空间，简易模式更去除冗余的要素，或实现更大程度的自动化②功能缺失，相纸的比例无法裁切是我不能理解的，这是原生相机就有的功能，可能是想尽可能保留更多的后期空间给到用户？③预设滤镜效果不尽人意，十多个预设滤镜中仅有 1-2 个（自然，伦敦）算是差强人意，其余的滤镜调设都很差，且欠缺同步一些使用对应滤镜的图例作为说明的功能，且滤镜在数量较多的情况下没有做分门别类，显得杂乱无比，期待后续可以以色系区分，风格区分等等来做归类。④影视飓风，无限进步(๑•̀ㅂ•́)و✧,False
13331783205,2025-10-30T01:59:13Z,你似浩海,3,软件还需优化！,首先，很支持飓风推出的这款相机，一出来就购买使用了，但是使用的时候不尽如人意。首先相机软件在拍摄时存在卡顿，这个卡顿会直接影响成片，在成片中也会有卡顿的画面，之后卡顿过后，造成了音画不同步，直接白记录了，仅有一次的画面白记录是拍摄软件的大忌。之后专业模式调整焦段困难或者比功能较深，目前只找到了通过相机控制调整，不准确且无法满足使用需求。且相机会员存在信息差，买了可以送课么！课的价格便宜还送相机会员，相机会员呢，不仅贵了还仅包含相机功能。尽管是限时活动，但是这段时间直接支持购买相机会员的人不就成冤大头了么，希望官方可以重视！,False
13777517439,2026-02-22T16:57:01Z,木予㐅,4,系统ui很协调，适配很不错，同时提出一些建议,"很方便的视频app，画质颜色都还不错，也有一些小建议希望能够采纳
第一是视频拍摄参数调节只有全自动和全手动，希望设置一个可以固定快门速度，自动iso的，这样可玩性会更高一点
第二个就是加入直方图
第三是素材预览做一些竖屏适配，现在小窗无论横竖视频都是横屏显示，影响素材筛选，竖屏视频点进去下面工具栏也会挡住很大一部分画面，希望再做一些适配
第四就是焦段加入28x（1.2x）和35x（1.5x）的选项，有时候就是构图总是差那么一点焦段。
最后祝愿影视飓风越做越好，给我们带来更多惊喜和期待！！！",False
13557668469,2025-12-26T17:16:14Z,majorllen,5,体验很棒，瑕不掩瑜。,"非常喜欢用来直接拍摄 log 视频然后加 lut 导出，完全省去调色阶段。效果非常棒！说一些希望改进的点：1:素材选择界面返回不方便，能不能加入手势返回，上稳定器的时候不能快速回到拍摄界面，有时候会错过一瞬时机。2: 预览导出的按钮好像有断触感，有时候要点好几下。3:有没有可能在后期加入在滑动预览素材的界面勾选需要导出的素材，这样快速出片的时候可以不用频繁返回单独导出片段，直接在预览素材时筛选后批量导出。
祝影视飓风蒸蒸日上！",False
13328084510,2025-10-29T05:58:32Z,相宝山拓海,5,三小时断断续续使用体验，没遇问题,"昨天看到上线，今天正好有活动拍摄，用手机试了试。我是 15promax，体验很好，我用过很多类似的软件，但是飓风相机是最能保留 iPhone 原本强大的防抖算法的。不卡顿，但是耗电量比原相机高挺多。
提出几个建议，第一是导出的问题，一个个导出太慢，以后会上批量导出，但是我还是建议加上一个设置按钮，可以直接把拍摄的视频存入相册。
第二是快门迟滞，
第三是自定义微调滤镜请一定要加入！

祝影视飓风越来越好，无限进步！",False
13328635090,2025-10-29T09:41:42Z,58409555444486,5,飓风相机盼增M全手动档用于照片拍摄,飓风相机Pro版的Apple Log和LUT功能很出色，但拍摄照片时缺乏M全手动档较为受限。希望能增加M档，这样在拍摄人像时，可手动调节快门、光圈和感光度，精准控制曝光，避免逆光下人物过暗或背景过曝。拍风景时也能根据不同光线条件，灵活设置参数，获得更理想的画质。比如用小光圈f8 - f11获取大景深，让整个画面都清晰锐利。,False
13533840127,2025-12-20T07:09:52Z,自信的菲尔,4,总体不错，还有一些小小的不足,"这段时间在拍摄的时候有几个小问题，希望以后更新可以解决😗
1.希望可以让快门速度和iso单独切换自动/手动。就目前来看他们两个好像只能要么全开自动要么全开手动，有时候真的需要锁死最低iso来拍摄但又想动一下快门速度
2.关于UI设计，希望可以把录制按键放在随时可以按下的地方，因为有时候在调参数的时候会反应不过来导致按不了开始录制，真的会错过一些时刻🥲
个人觉得有这些小更新之后会更顺手😆",False
13325089417,2025-10-28T13:10:23Z,发放的脑子,3,还有很多需要优化的,机型17pm，首先是100mm起的长焦段无法近距离对焦（原相机8x没有问题），即便把相机的变焦环转到头也对不上近场的焦。然后是ui很多设置可以直接半透明加入取景框里，取景框要做的大，取景框的屏占比太小啦一点也不手机，相机味不要这么重。再加入直方图和lut导入。拍好后的相册调试模式得改改，视频按你们现在的模式查看导出没问题，但如果拍是动态那这一张一张的查看太折腾人了，顺便加个爱心分组功能。,False
13387916955,2025-11-12T08:56:16Z,eyooto,2,很棒，但有待改进,"飓风相机的动态图片非常棒，超喜欢
 
但目前我觉得需要改进的两个点
1，没办法添加其他log
2，在调节曝光参数时候，会把拍摄按钮🔘挡住
容易错失拍摄瞬间
特别是2，应该把曝光的参数条放在上方，而不是直接把拍摄按钮🔘挡住
3，无法拍摄非动态图，也就是拍摄非动图
 
人生第一次写评论，希望飓风相机越来越好，5⭐太多人给了，发了估计也看不到，我也确实觉得目前还没办法给5⭐",False
13332192997,2025-10-30T04:51:27Z,苏打热,2,设置界面突然卡死BUG,下载app，在设置中调整了一些设置，点击左上角按钮退出设置时，整台手机突然卡住，卡在相机设置界面，按什么按钮也没反应，包括关屏幕、按侧面相机键、音量键，都没任何反应，就是直接卡死不动了，最后是长按电源键+音量键强制关机才能恢复。设备是iPhone17pro，用了1个多月，这是第一次遇到完全卡死的情况，因此有很大可能是app有bug，是不是个例还要看大家反馈。,False
13353469476,2025-11-04T01:33:38Z,X1aohu_,3,有 BUG 及,16Pro从13mm切换到120mm焦段时会有概率出现直接卡死的情况 但是会在一两分钟内恢复 还有快门和 iso无法独立控制自动和手动 想让 ISO自动就必须让快门也自动 希望这点可以改进 还有在登陆一段时间后会突然再次需要登陆 不知道是不是 BUG还是刻意？ 但是总体用下来感觉会比 Blackmagic Camera好用些 期待更新,False
13325659490,2025-10-28T15:39:23Z,阿宝121345,5,确实是专业性质的生产力相机,影视飓风的实力还是非常强大的，这款相机粗体验了一下，Blackmagic cam上限很专业，但是下限，也就是入门门槛会更高一点。这款相机的上限很专业的同时，入门门槛降低了很多，并且对于新手小白来说，简易模式够用了，且可以导出log和烧录好log的视频，真的太方便了！,False
13326106264,2025-10-28T17:44:51Z,GoodPlace009,1,没有用原生开发，体验不好,从我的体验来看，没有用Swift语言来开发，更像是flutter或者RN套了一层框架。整个app太大了，100多mb，界面设计和交互体验都不好，页面过于臃肿，而且无法用到ios26的新特性样式。交互动画过渡太生硬，这也是直接套框架的弊端，估计是想后续做安卓版本，作为工具来说，还是建议使用原生开发。,False
13326357295,2025-10-28T19:01:38Z,jcdeclan,4,非常简单好用的拍摄app,app里面的菜单非常简明清晰 相比blackmagic更加容易上手 很喜欢这个app设计的转表调节的效果。不过 要是可以像blackmagic在拍摄界面添加直方图功能就好了！新手真的很需要直方图来直观的感受曝光是否合适。另外目前还不支持快捷启动的功能 不知道是不是没有得到苹果支持,False
13347285769,2025-11-02T15:45:12Z,飓风迷,1,清晰度低,同格式同场景下对比原相机、bmc、还有Fcc三个软件拍的4K60帧log，明显看出飓风相机的清晰度最差，放大一点点根本没法看，更别说裁切了，感觉变1080p那样，貌似只有10比特420，而不是10比特422，码率和采样率都被压缩了，希望后面的版本可以着重优化这点,False
13328829452,2025-10-29T10:47:35Z,Forever#5800,5,Tim 的政策又有变动😱,10月28日之前所有视频里宣传49元的套餐学员可以永久使用 lut 及后续开发的 pro 版本。而10月28日发布的 b 站视频里，把49元权益的“永久使用”改为了“长期使用”，请注意，“长期≠永久”，希望影视飓风不要因为用词描述的问题而塌房。,False
13446966468,2025-11-27T14:12:05Z,爱摄影的小江,5,建议配上他的课程一起买,我是学了他的课程，然后再过来下载这个软件并进入苹果的生态系统，说实话做一个摄影爱好者来说，这个软件真的能够很简易上手适合新手小白，如果说想要再次进阶的话，可以去另外他推荐的一个相机软件，按同事来说拍照拍照的目的就是为了取悦自己或者获得一个素材，大家就不用那么较真了,False
13324699715,2025-10-28T11:22:25Z,xuenxudn,5,不愧是影视飓风,太牛了，虽然用手机自带的相机也能拍出来这种效果，但是这个软件极大的降低了使用者的门槛，没有学习过专业知识的也能轻松掌握，要做对比的话个人觉得是达芬奇和剪映的区别。哪怕在极暗的情况下，渲染出来的画面还是非常干净，现有的lut也完全够日常使用了，第一次长评论，献给你了。,False
13571397095,2025-12-30T03:37:44Z,南贝绿豆,5,这是一条好评,非常非常喜欢这个软件，让我爱上了拍摄，之前用原相机拍画面总是说不上来的奇怪，用这个相机，拍出来感觉跟现实看到的色调很接近，很棒，希望以后可以推出更多更好的功能！比如人像，因为苹果原相机的人像真的让人很痛苦，期待！（当然没有这个更新，我也会非常喜欢这个软件，完毕！希望影视飓风做大做强哈哈哈哈哈哈）,False
13490311431,2025-12-08T15:49:25Z,莫几句话很好,5,切夜难眠,这个晚上，注定是个不眠夜，因为整个旅游途中都用了飓风相机来记录我们旅途的点滴，但是回来看照片的时候，我老婆傻眼了，为什么照片的分辨率如此之低，为什么拍摄 Lut 照片的时候，不能高分辨率。跟原相机相比，分辨率低得可怜，放大照片后，女儿的脸已经很模糊，被老婆埋怨了一个晚上，相当于整个旅途行程拍摄的照片全废了，我给了5个星，是不想打击你们，不放大看，照片的调色还是很好看的，但分辨率真的太低了！！！！！！希望在后续能提示用户，用 Lut 拍摄照片的时候，分辨率会降低！！！！！！,False
13329949677,2025-10-29T15:51:58Z,landtsuki,5,关于图片信息,导出照片可不可以加入照相机信息以及位置，我导出之后在相册信息只能看到图片内存大小，其他信息都没有,False
13434966714,2025-11-24T10:36:39Z,蛮吉大大大大人,5,能不能給出个拍美食的滤镜，十万火急。,Tim 能不能开发一个拍美食的滤镜？我是开餐馆的有时需要拍点视频，我发现苹果13的拍照功能（风格和滤镜）长按拍出的视频是不会被取消的（基本可以实现直出），但今年换了苹果17，我炸了，拍照风格功能长按拍出的视频会被取消风格滤镜可丑了。弥补一下这个重灾区谢谢。五星好评已经谢上。,False
13349513849,2025-11-03T03:31:06Z,简”S,5,小白也可以轻易上手,虽然是测试版，但是已经超越市面上绝大多的轻量相机软件了，只能说，不愧是影视飓风,False
13639006548,2026-01-16T07:48:44Z,vinslet,4,导出很麻烦，死机,导出的时候想要导出大量视频不能滑动选择，要一个一个去点有点麻烦，而且用着用着会突然卡死，按什么都没反应,False
13336831436,2025-10-31T07:50:56Z,99.9百分之,5,相机拍照功能,能不能出个相机功能，这样就可以不用切换相机了，直接用这个一个，有这么多滤镜加一点相机拍照功能岂不美滋滋,False
13435440857,2025-11-24T13:23:37Z,KudosKTY,5,无限进步,会给五星好评！但是现在有一个问题是，实况照片的封面是清晰的但播放画质会骤降,False
13445558416,2025-11-27T04:21:39Z,15791676185531619,5,反馈和建议,按照目前粉丝量下载数量应该为很高了，在应用里反馈和建议，竟然是实时的不用你转接人工，无须等待！,False
13357913053,2025-11-05T03:05:09Z,体验感不巴适,3,相素无法调整，动态只有800万,拍摄动态只有800万像素不够用，滤镜只有几个比较少，还各种小细节，希望多改进，滤镜像素一步到位就好了，用相机的主要目的就是为了方便，第一次用相机花钱的，结果功能确实有点不尽人意，经常看到推荐，我以为会用的很不错，说实话很失望，毕竟开始用，希望后面会有大动作。,False
13325970749,2025-10-28T17:05:35Z,SAS没有pressure,5,建议：生态相对封闭！,相比于bmc导入各种的lut而言，飓风相机的lut生态圈相对封闭：只能使用相机本身的lut进行拍摄。因为处于探索阶段，所以还做不到像苹果一样生态闭环，体验下来的感受就是lut虽然不少，但是不能导入lut还是有局限性在的。,False
13613524563,2026-01-09T15:51:46Z,jack-lio,5,希望能直接录到外接硬盘,功能简单好用 效果也很不错 但是小容量手机存储告急 希望能够支持直接外录到外接硬盘里！,False
13324669744,2025-10-28T11:13:10Z,tourist17,5,什么时候可以相机按键启动,什么时候可以相机按键启动,False
13432192341,2025-11-23T16:02:54Z,zane.@email,5,支持一下影视飓风🌀,"试用了一会，功能比想象的丰富 开发组不错
希望为来可以看到直方图与照片模式和更多好玩的内容和使用精简的画面☺️
👍👍📽️",False
13635165636,2026-01-15T06:47:48Z,方便的快说快说卡,3,防抖功能需要优化,目前在用的所有这类软件中，这个是防抖和稳定效果较差的。毕竟大多数时候是手持使用，希望可以再优化一点。,False
13426897770,2025-11-22T08:09:11Z,伊卡洛斯NW,5,建议：,建议增加的功能：可以把相册的照片调成相机内的滤镜颜色,False
13511708745,2025-12-14T07:29:05Z,星间线skyline,5,非常不错,目前感觉非常不错，色彩会比原相机更真实也讨喜，就是 lut 拍摄能否下放标准版机型，就像隔壁黑魔法一样,False
13644052647,2026-01-17T14:58:24Z,leeehome,4,录音改进,希望能增加麦克风录音效果选项，默认空间音频录演唱会效果真不行,False
13408050541,2025-11-17T07:35:25Z,理光光影预设,5,希望加入理光光影效果的预设,非常好用！希望能看到我的意见,False
13386504304,2025-11-11T23:00:35Z,感觉不如自带的调色盘,5,出个类似小米繁花如梦类似的滤镜,不太懂摄影，但是希望出个类似小米繁花如梦那样的滤镜,False
13325378603,2025-10-28T14:25:48Z,熙儿鸭xierya,5,非常不错,功能再完善一些就更好了,False
13884625936,2026-03-25T07:59:14Z,小娄夜听雨,5,非常棒,如果滤镜再多一点，有一些对比度更大的滤镜就好了,False
13519288052,2025-12-16T07:56:49Z,不知道钠,5,好评,挺好，也是刚开始做的相机，有新手模式，挺好上手的，希望功能更多一些。,False
13358030739,2025-11-05T03:53:27Z,Sir.8,1,就第一次打开能正常使用,后面再打开直接画面黑屏，什么都不显示。其他按钮没问题，不是卡顿。莫名其妙，有点不符合影视飓风的品质。我还是提前花了钱买的课😤,False
13535209955,2025-12-20T15:27:37Z,Maniac978,3,经常突然卡死,打开相机界面直接会卡死，按什么按钮都没用，只能强制关机重启,False
13324771799,2025-10-28T11:43:44Z,Liuhangzhou,5,为什么买了课程，使用账号登录后，依然需要购买？,在b站买的,False
13488350186,2025-12-08T02:49:10Z,尼古拉斯赵四22,4,建议在媒体库预览的时候，在文件名后面加上LUT滤镜的名字,建议在媒体库预览的时候，在文件名后面加上LUT滤镜的名字，不然有时候分不清楚用的哪个拍的,False
13453773456,2025-11-29T08:03:30Z,曾维宸,5,画面闪烁,画面闪烁第一次碰到，预览页面闪烁，导出也闪烁，并不是快门速度的问题，自然光线，所有都是自动的,False
13327682186,2025-10-29T03:02:03Z,盖世鍇,5,无敌相机启动,选择飓风相机，拍出自己的人生,False
13687089206,2026-01-28T23:43:25Z,赵思承,2,别买,默认可以 raw 拍照且加滤镜对小白很友好。但对于正常人来说属于诈骗级别软件。没有闪光灯，找客服反馈没有任何回复。一年了没有小组件。还是老老实实用回真正的专业软件了。,False
13354881225,2025-11-04T11:06:14Z,打小就帅，,5,滤镜绝了，希望后期还有不同的风格,非常棒,False
13324714574,2025-10-28T11:26:54Z,Ro$$enway,4,整体还不错，但是丢了17系列前置横竖屏切换,挺好的，但是这个问题得注意一下,False
13328219843,2025-10-29T06:57:15Z,pmfromqq,5,请问会员如何领取pro版本,已经在b站买了课程，用相同手机号登录飓风相机，没有看到pro版,False
13571954563,2025-12-30T07:44:55Z,ShudongXI,4,不错,基础功能比较齐全，只是展开参数面板会挡住快门键,False
13325523824,2025-10-28T15:03:35Z,回个信息的,5,很棒的软件,感谢影视飓风团队,False
13497831103,2025-12-10T15:50:55Z,去巴黎铁塔做ai,5,功能逐步完善,越来越好用了，给影视飓风点赞,False
13493245768,2025-12-09T11:32:10Z,有眼袋得小猪,5,棒棒哒,目前感觉一切良好，还在持续学习中！一起进步！,False
13445054462,2025-11-27T00:43:40Z,杨小杨洋洋,5,关于本次更新日志,这次的更新日志，国民的有点过分了，btw，还有更多的适合人像的滤镜可以搞一搞咩,False
13324757915,2025-10-28T11:39:48Z,fe de d,5,超级棒的相机软件,影视飓风 无限进步！,False
13668628832,2026-01-24T03:06:07Z,鱼hhh,3,拍摄视频感觉会丢帧不是很丝滑,希望改进一下,False
13560575122,2025-12-27T11:55:08Z,我爱tim,1,经常造成整个手机卡死，锁屏都锁不上，需要按两下，而且对焦有问题，自动对焦失效，点按无法对焦,问题见标题,False
13329847074,2025-10-29T15:24:24Z,QAQiii7,5,影视飓风好牛啊,喜欢拍动态log的功能，拍出的动图好好看🥹,False
13327766040,2025-10-29T03:37:33Z,你好高老师,5,支持影视飓风,虽然Log模式很少用，但是还是要支持一下,False
13325052638,2025-10-28T13:00:39Z,加睡觉鲜花盛开,5,👀,打视频的时候拍照和摄像会闪退,False
13530678642,2025-12-19T11:28:50Z,COOPE BB,1,买了发现滤镜用不了，也不能编辑图片,软件没有使用说明，不知道是bug还是我不会用，很多功能都没有。还不如原相机。图片也不能编辑只能查看。,False
13328340315,2025-10-29T07:47:43Z,yyo k h f fv bu t re xu n,1,无法导入lut,且客服一副高高在上的态度，不解决实际问题，影视飓风就这样服务花钱购买的客户？,False
13324642307,2025-10-28T11:04:37Z,GaryCXF,5,不错，相信影视飓风出品,相信影视飓风出品,False
13362147654,2025-11-06T03:57:31Z,Yzyzyxhbxfujf,4,没有批量导出啊,急需批量导出，有批量导出就完美了,False
13327104350,2025-10-28T23:19:24Z,ｎｓｊｚｊ,4,出一个直接照相功能吧,出一个直接照相功能吧,False
13442319652,2025-11-26T08:41:30Z,Tanzakustars,5,无限进步,支持影视飓风,False
13359960967,2025-11-05T15:24:50Z,b站的尼康,5,能否去掉启动LOGO界面,去掉启动界面，加快打开速度。可以考虑把logo固定在拍摄界面的角落,False
13325534447,2025-10-28T15:06:19Z,阎阎阎…….,5,棒棒棒,功能完善，交互流畅,False
13424808444,2025-11-21T18:07:02Z,呜呜呜无无,2,目前来说功能还是太少,可编辑调节的功能太少，硬套lut出来往往很一般,False
13350028848,2025-11-03T07:12:14Z,轩缘星忆,4,好用,什么时候能增加拍照功能～,False
13511730626,2025-12-14T07:38:41Z,Jack的世界,5,对我新手而言很友好,哎呦，不错哦,False
13338475507,2025-10-31T15:56:38Z,慕由_愿宁,4,很不错,美中不足有一点我希望拍log的时候有直方图,False
13324732091,2025-10-28T11:32:08Z,人人45,5,完美的相机,真好用,False
13426824093,2025-11-22T07:37:33Z,1111211934964,1,软件里面的视频丢失,软件拍的视频没导出来 软件一卡顿视频全没了,False
13565207875,2025-12-28T15:32:43Z,不建议花钱1,1,拍照模糊，视频自然还行，软件收费太贵,不建议购买,False
13779205570,2026-02-23T03:55:58Z,moonfish11,1,效果不是很好,感觉还没有原相机直出效果好，希望迭代更新出好效果，效果不好落差有点大,False
13643402419,2026-01-17T11:37:47Z,傑啊哦,1,为什么收不到验证码？？？,新用户注册验证码发了无数遍，手机收不到短信,False
13441696513,2025-11-26T03:42:15Z,就是还是睡吧睡吧,5,其他lut预设导入,能否给个自己选择lut导入，比如现在富士lut，给个选择可以自己导入,False
13350602501,2025-11-03T10:56:32Z,L.vvn,2,动不动就卡死,账号还一直退登,False
13325352029,2025-10-28T14:18:51Z,百炼赤翼风险党,5,有时会闪退,加油,False
13488351687,2025-12-08T02:49:47Z,78965123,5,炒鸡好用,看到什么都想拿起手机拍拍😊。记录生活记录美好。影视飓风赛高┏(＾0＾)┛📷,False
13324667419,2025-10-28T11:12:29Z,Chovy¥,5,无限进步,Tim加油 永远支持你们,False
13324336698,2025-10-28T09:17:46Z,抹茶曲奇薄荷,5,算你厉害,终于等到你,False
13569209456,2025-12-29T15:18:27Z,Record A Bit Of Life,5,Tim！,什么时候上线手表检测起飞的那个软件,False
13327766597,2025-10-29T03:37:47Z,俺拾月拾光,5,无限进步,无限进步,False
13353813138,2025-11-04T03:43:19Z,识别功能是我用这的缘由,3,只能拍视频吗,只能拍视频吗,False
13408080006,2025-11-17T07:49:09Z,卸下思绪,4,感觉log动态图片分辨率太低了，导出才8mp,能不能搞高一点？,False
13324714980,2025-10-28T11:27:01Z,进击的雪碧,5,终于上线了,冲冲冲,False
13492002738,2025-12-09T02:04:51Z,哥哥的父亲,4,导入照片视频,缺少导入照片视频还有导入lut啊,False
13332012640,2025-10-30T03:30:42Z,aiyuechuang,3,抓紧更新呀！,抓紧更新呀！调色更多些，剪辑功能以及时常筐可以微调更好,False
13325465512,2025-10-28T14:48:24Z,川普呱呱呱呱话,5,我超爱影视飓风,我超爱影视飓风的！,False
13450157942,2025-11-28T11:01:56Z,Takashi丶,5,灵光一现,哈哈哈修复已知问题,False
13325405438,2025-10-28T14:32:39Z,。开始看,5,还不错,感觉很实用，lut 选择也很方便,False
13362036361,2025-11-06T03:11:47Z,Special_唐伯虎,5,什么时候可以支持选择外部存储空间呢,手持128的15p，之前使用blackmagic时外置了一块T7，目前好像还不能用外置空间？,False
13362534973,2025-11-06T06:49:46Z,k434387,5,画面比例能不能改，3:2 4:3,画面比例能不能有更多选择，前置 17 系列能不能调用原生的横屏模式,False
13326110968,2025-10-28T17:46:16Z,小王你要凉了,5,飓风拍摄,非常好用,False
13325300154,2025-10-28T14:05:28Z,睡不醒的喵喵酱,5,不错,很喜欢,False
13350723021,2025-11-03T11:36:02Z,橙鱼boy,5,无限进步,好,False
13325489418,2025-10-28T14:54:34Z,给 v 回家小心点,1,刚起步还没做好就搞个收费，你要上天？,刚起步还没做好就搞个收费，你要上天？,False
13324553663,2025-10-28T10:35:38Z,梨子x1n,5,Lut很好看,等了很久，已激活专业版,False
13605764053,2026-01-07T15:44:00Z,A9.,5,没有闪光灯吗,没有闪光灯,False
13424000876,2025-11-21T13:56:11Z,你爹爹d d d d d d d d d,5,我爱你,我爱你，我爱你，我爱你，我爱你影视tim我想跟你见面可以吗？,False
13324754855,2025-10-28T11:38:56Z,JaspalJA,4,前摄尽快支持open gate,please,False
13329046534,2025-10-29T11:52:35Z,空中楼阁楼夺得蛤蟆功,1,想拍个拍照,要会员直接卸载吧，拜拜,False
13379080265,2025-11-10T03:47:49Z,timpanananan,3,一般,对不上焦,False
13426966590,2025-11-22T08:37:53Z,sadssssi,5,666,画质没话说 拍照很漂亮 小姨子很美,False
13488518374,2025-12-08T04:00:19Z,11727286868,5,更新日志不错,要我说，就这个独一无二的更新日志(･ω･´)=☞，我就想给一个好评(･ω･),False
13674500667,2026-01-25T15:58:15Z,王师败绩的,1,血亏,像素太模糊了,False
13842887371,2026-03-13T08:06:15Z,紫色加灰,1,建议影视飓风，可怜一下苹果15一下机型吧，没有lug，好歹也给安排个滤镜库啥之类的啊,建议影视飓风，可怜一下苹果15一下机型吧，没有lug，好歹也给安排个滤镜库啥之类的啊,False
13325333610,2025-10-28T14:14:06Z,刘茜茜1,5,飓风相机,太牛了👍,False
13324631909,2025-10-28T11:01:21Z,打假维权者,5,抖音铭,我是第一,False
13423808856,2025-11-21T12:57:52Z,割韭菜第一步,1,聊胜于无,先叠甲！影视飓风V4！除了live图毫无存在的理由！不能外置硬盘录制，批量导出困难，没有变形宽荧幕...kino不好还是blackmc不行？失望,False
13325896212,2025-10-28T16:44:16Z,趙赵趙,5,14pm手机没有log用不了😭,能不能对于没有log的机型出一个lut预设啊😭,False
13324821400,2025-10-28T11:57:40Z,保暖大裤衩,4,已入 pro， 希望支持拍照，不只是拍视频呀,支持👍,False
13324713692,2025-10-28T11:26:39Z,我叫王二娃,5,牛,期待了很久，好用，喜欢❤️,False
13422249431,2025-11-21T01:49:44Z,pppprist,5,可不可以增加3：4尺寸！！！,忠粉真的真的真的很需要🥹,False
13519807999,2025-12-16T11:45:51Z,ｌｅｙａｎｇ,2,卡顿严重,卡顿有些严重,False
13359087981,2025-11-05T11:15:50Z,太好了这个软件爆炸好,5,加个导入lut功能,求求加个导入lut功能,False
13442350024,2025-11-26T08:55:56Z,辣辣辣辣辣l,5,小天才,小天才,False
13389192881,2025-11-12T15:50:42Z,傲慢～,5,不错,不错,False
13615504486,2026-01-10T03:16:49Z,就很贵我共吸引,2,想要自己 导入 lut 选项,lut 浓郁程度不能调节，不能自己导入 lut  可玩性太低了，有点单调,False
13327653751,2025-10-29T02:50:16Z,殇弑神者,5,怎么知道是不是pro版,pro版怎么看,False
13325912409,2025-10-28T16:48:53Z,陕工最帅,5,好用,好用,False
13327815529,2025-10-29T03:59:28Z,别克东海岸,5,我,第一,False
13511224200,2025-12-14T03:58:03Z,喵可蓝多多,5,想要闪光灯！！！！！加一个闪光灯吧,闪光灯闪光灯📸,False
13670636263,2026-01-24T15:56:24Z,你好孙先生的,1,不支持log的用户，用不了lut功能却能付费，付费后也不能退,能付费不能退,False
13330691059,2025-10-29T19:28:20Z,猫玻璃球,5,课程已经买啦！,好评(՞ਊ՞)👍,False
13395592013,2025-11-14T07:07:30Z,小黑鸡的历险记,5,挺好用的,挺好用的,False
13639503577,2026-01-16T11:29:53Z,EUGENE摄影张,5,超级好用,好👌,False
13445290579,2025-11-27T02:22:52Z,The160,2,一般,我14p有的时候超级卡，希望可以改进,False
13488474101,2025-12-08T03:41:11Z,碎碎辇,5,好,用,False
13429816782,2025-11-23T01:02:15Z,supremuuuu,5,缺少导入LUT功能,缺少导入LUT功能,False
13725950288,2026-02-08T07:56:14Z,gdvfhc,5,好,用,False
13331449306,2025-10-29T23:52:59Z,海吉布一哥,5,非常好用,给 tim 点赞！,False
13779197144,2026-02-23T03:52:09Z,诶嘿啊哈哦吼,1,牛,真牛啊,False
13324587139,2025-10-28T10:46:48Z,喵轰轰,5,嘿嘿嘿,第一？,False
13324650467,2025-10-28T11:07:11Z,超大犀牛,5,😘,非常好😍,False
13325804456,2025-10-28T16:18:39Z,桃子/（j ji,5,很良心,很良心,False
13441374508,2025-11-26T01:27:24Z,这干嘛看变形记起你呢,5,富士lut,可以上线富士lut嘛！！,False
13325824507,2025-10-28T16:24:12Z,G0vi,5,😭,您的设备不支持log   (￣-￣),False
13324656082,2025-10-28T11:08:55Z,xxx锋,5,1,可以,False
13374123083,2025-11-08T23:50:02Z,我就去清空,2,14p用不了log动态,14p用不了log动态白花钱了,False
13718420752,2026-02-06T07:45:20Z,会屯屯的鼠鼠,5,好,好,False
13427760997,2025-11-22T13:26:50Z,bylx Bliss,5,好,tim牛,False
13325806893,2025-10-28T16:19:21Z,htcrdtdtctctcvyb,5,👌,👌,False
13895906335,2026-03-28T11:45:56Z,光遇Sky.洛,5,一些评价与建议,"评价：这款软件基本满足了我的所有需求，做的也很好，拍出来的很有质感，还支持实况照片，但还有一些小建议
建议：1.第三方外设：无法实现使用DJI手机云台系列进行拍照、拍摄，这一点对我们手机云台拍摄的摄影爱好者稍稍不友好，希望可以改进
2.LUT与滤镜：首先这款软件对适配LUT的手机开启了LUT的功能，但对不适配LUT的手机未开启LUT功能，所以我的小建议是对不适配LUT功能的手机开启一个滤镜功能（这一点可能不会实现，但我还是想提这个建议）
总结：以上就是对这款软件的评价与建议，最后祝影视飓风越来越好，無限進步！",False
13588922021,2026-01-03T10:01:37Z,影子路者,5,更换手机号后，如何同步数据呢？,原来购买课程的手机号已经不在使用了，课程是在哔哩哔哩购买，新手机号已经绑定了哔哩哔哩，但是之前的数据在飓风相机里并没有，登陆后没有会员信息了，需要重新购买，现在新手机号不知道怎么同步之前的会员数据，也没有找到相关的按钮，还有就是隔一段时间之后，登陆状态会自己掉下来，每次都需要重新登录，不知道是不是我的手机问题,False
13684527555,2026-01-28T09:06:29Z,骰子爷爷,2,画质不尽人意,抱着大期待购买的终身版，机型是17pro，平时也是拍照较多，lut滤镜选择比较少都无所谓了，最受不了的是渲染导出之后画质的严重压缩，拍了几张下来都是几百kb的大小，放大查看更是糊的没边，以为是设置里没选好，发现也没这选项，去网上各大平台也找了一堆，又发现这问题的就是没说咋解决，希望未来能够做好优化吧,False
13822502986,2026-03-07T09:03:26Z,bhgjhtju,5,普通LUT与水印功能,"软件整体非常好用，拍摄界面简洁专业，体验很棒。
希望能增加普通LUT预设，让非Pro系列的iPhone也能使用，不只是Pro机型专属，这样更多用户都能用上统一好看的色彩风格。
另外也希望新增照片水印功能，支持自定义文字、位置、透明度，方便标注图片，日常使用会更方便。
期待后续优化，越做越好！",False
13899125068,2026-03-29T08:27:08Z,￼琥珀爱豆的笑容,5,关于飓风相机Pro版的建议,飓风相机Pro版它的拍照功能是对不上焦的导致整个体验都非常的差劲啊，而且说的什么自动对焦也是没有的，什么白平衡也是没有的，我花20块钱买个飓风相机的Pro版，就是为了体验他的拍照，但是并没有给我这么好的一个体验，但是我是影视飓风的忠实粉丝，这一点的话还是可以接受的吧后可以改进,False
13647158550,2026-01-18T10:12:07Z,鳞汀e,4,使用过程中掉桢卡顿情况,在应用使用过程中连续拍摄，可能会遇到十分卡顿帧数掉到20以下的情况，通常这个时候需要重启该应用并且删除后台才能解决，极大的影响了拍摄过程，然后就是在导出的时候，之前都可以在外置硬盘的时候直接导出到硬盘为什么现在只能导到相册了，以及自动光情况下可能会导致画面突然特别暗过了10秒左右又回归正常的情况,False
13811933535,2026-03-04T06:45:31Z,包菜菜菜菜菜,5,老粉刷好评！d(^_^o),"ios用户欣喜若狂！20元也太值了!一点都不抖，防抖比原相机还强！
Log模式拍出的照片很有单反质感，就是画质再提升提升就好了捏(˶‾᷄ ⁻̫ ‾᷅˵)，不知道是不是因为我还没完全驯服，待我再研究研究
总之16pro表示满意👍！看好飓风！祝飓风越来越好！",False
13324688957,2025-10-28T11:19:06Z,是无奈了,5,很好用,很早就买了课程，也关注了tim很久了，这个软件大致看了一下，设置里面有简易模式，小白上手也很方便，可以拍出自己喜欢色调的大片，对于专业人士来说也还是不错的。整个页面很简洁，看得出来是很认真在做这个项目，爱了爱了，期待更新更多的滤镜，会一直支持tim，影视飓风的❤️,False
13684015973,2026-01-28T05:05:09Z,战术喝水er,5,关于订阅,个人觉得一部分人包括我是 iCloud 登录国内账号，App Store 常年登录其他地区账号，使用主账号订阅后，App Store 切换到其他区，付费功能就会用不了。希望可以绑定其他联系方式，作为购买凭证，不和 App Store 里登录的 Apple ID 做强绑定。,False
13383936708,2025-11-11T09:33:44Z,秋云Cloudy,5,飓风相机真的很好用！强烈推荐,之前买课只是为了想要学好调色，看了几节确实非常有用，后来推出飓风相机立刻就下载了。当时刚刚下载的时候导出的素材都没有位置信息和镜头信息，但是这两天突然发现导出的照片都有了，基本算是补齐了体验上的短板。现在只要看到了能出片的风景就立刻打开飓风相机拍照，太赞了！,False
13518058167,2025-12-15T22:48:06Z,紫罗兰学徒,2,为什么bug不断？,最近使用的时候会卡住，都没法退出app，导致手机卡住一段时间，直接死机🐮 用苹果到现在还没遇到过没法退出app的软件。型号17 pro希望工程师们早日解决一下这个问题？那么多人付费使用了，体验要稍微好一点吧？没指望有多少功能，好歹不能这么拉胯吧,False
13750791925,2026-02-15T05:55:27Z,ecccccml,1,日版手机拍照突然有声音了,"本来就是看朋友拍照没声音才买的，不到两周就更新声音出来了，纯纯诈骗
还有我用了一个多月，我好奇为什么不能把会员版绑定在账号上，一定要应用商店登的那个才能用，这样对多区账号的友好度为0，不知道出这个账号绑定干嘛用的，会员又绑定不了，什么时候改什么时候把商店差评改回来",False
13837590451,2026-03-11T17:49:41Z,hsnshb,5,有点小问题,我是iPhone 16 Pro Max用户，已购买飓风相机永久专业版，已开启Apple Log 4K/30fps，但在拍摄界面、滤镜面板和已拍视频编辑页中，均无法找到「飓风官方影调」和「柯达2383」LUT选项。请协助排查并修复此问题，谢谢。,False
13644350999,2026-01-17T16:22:31Z,トゲトゲカワイイネ,5,有一点点改进意见，但是总体真的很满意,"快门速度限制在了1/30秒，在晚上拍摄夜景时无法延长曝光时间，拉高ISO又会导致低信噪比的问题产生，希望可以把快门速度的选择范围扩大（其实还有我作为一个玩天文摄影的没钱买相机想用手机进行长曝光的私心）。
和影视飓风一起无限进步！",False
13327795686,2025-10-29T03:50:32Z,8757772382883,5,影视飓风真牛,每天最平静的时刻就是看影视飓风和links的视频 打开hdr或者4k模式 真的会有不一样的体验 每一条视频几乎都全程看完 影视飓风是我心目中的唯二的优质作者另一个是links ，希望影视飓风在拍一些地理或风景类的视频的时候可以拍摄hdr画质的视频,False
13534828081,2025-12-20T13:35:24Z,我不小心充值了,5,非常好用，但是我想提个建议,49原价购入的课程已经完全值了，整体使用起来非常棒，相机自带的青青还是太超标了，但是这边建议把帧率加上教程里说的专业的29.97和59.94这两个帧率，这样方便我从Blackmagic Cam里面录的视频与飓风相机里面录的合并在一起,False
13384361453,2025-11-11T12:06:24Z,Aaa老铁,5,拍摄菜鸟的感悟,右上角可以调分辨率什么的，给我一种CCD的感觉，拍出来的人很有那种回忆的感觉，然后有钱之后镜头还有分针那种也能换，我刚刚然后泥鳅功能都是粉自动调的，就比我直接用相机好，他那些功能就好比DJ的自动调白屏什么之类的，我感觉自动就挺好对我这种小白来说,False
13339792866,2025-10-31T23:04:50Z,白滁,5,有几个问题希望反馈一下,"我买了影视飓风的课程，但没有看到其带有飓风相机的pro版，所以看到是影视飓风出的app就直接入了pro版。后来通过apple退款，我想用课程的pro版，可是我的pro版并没有按原路退回。希望能够优化一下。
希望影视飓风能够越做越好。
无限进步！",False
13325064057,2025-10-28T13:03:41Z,24k 纯黑,5,芜湖～,也算是第一批用户了 Lut素材很丰富 每一个的质感和命名方式都超乎意料 非常喜欢 Lut应用和参数调节的界面也很简洁 我觉得目前的功能和拍摄方面都没有很大的问题 就是调高帧率和快门以后还是有一丝丝画面延迟 期待往后越来越好！,False
13379700203,2025-11-10T08:25:40Z,深藏$身与名,4,整体不错，能不能加上固定快门速度，仅自动ISO呢,"用iPhone16pro和17pro试用了一段时间，成片有一些相机的质感，整体比较满意👍  下面是一些建议：
1.希望后续加入固定快门速度，并通过曝光补偿自动调节ISO的功能。
2.希望双指缩放变焦时，可以显示等效焦距。",False
13836362792,2026-03-11T10:22:24Z,Plain_Jay,5,希望将快门速度开放到 1/30 秒以下,软件整体用起来很不错，改善了 iPhone 本身严重的锐化，但是，作为一名摄影爱好者（懒人）我希望可以把快门速度开放到 1/30 秒以下让软件具备可以拍摄长曝光的功能，让我拍摄不带相机出门的时候也能拍长曝光/慢门 的照片,False
13347192729,2025-11-02T15:22:04Z,天宇童学,5,我们一直都在，期待你们做得更好,公测第一天下载使用，我自认为是影视飓风帮助普通用户更简单地触探专业领域的又一个里程碑式的进步，虽然很多功能还有待完善，软件的用户体验也尚有优化空间，但是这是一个好的开始，加油 Tim，加油影视飓风的小伙伴们！无限进步！,False
13325286715,2025-10-28T14:02:00Z,北满嫩模,5,建议1、2,"希望提供纯照片的拍摄模式，并且控制所有参数。让它成为gr3。

希望之后更精进，取代BMC，BMC有个硬伤，开启app之后，收音就会出故障，有很重的闷声。

其实想打4🌟，但一定是2🌟比较引你们的注意。",False
13390759222,2025-11-13T00:53:09Z,13794213943,4,画质和宽容度,"优点：1. 画质和宽容度没得说，确实专业；2. 快门、ISO和白平衡可以手动调整便于在一些特殊环境光线下保持想要的色调和影调
需改进：1. 不能批量导出素材很难受
2. 导出的素材编号是乱码，对应脚本的时候很头疼",False
13905600550,2026-03-31T03:26:30Z,离近一点,1,通过这个软件来拍照，还不如原相机好,从相机的整体来看，软件还是运存太大，而且通过苹果相机还有软件本身拍出的图片没有任何区别，软件只适合在晴天拍摄下雨天，观感非常非常差，不能直接转入内部存储真的体验感非常差，导出过程中，而且相片质量会被压缩得很差劲,False
13324597080,2025-10-28T10:50:02Z,小辰无限进步,5,变焦,这次还是给tim打五星（但不许骄傲哈） 但是这个变焦能不能像blackmagic camera一样支持一倍三倍的那种自由变焦呢 而且在拍摄过程中变焦会造成卡顿 我希望你们还是能够改善一下  无限进步！,False
13418907277,2025-11-20T04:21:07Z,Lucas ：）,4,建议加入 48mm 焦段和后期编辑,目前使用体验不错，log 的直出很有质感。建议再持续优化稳定性的同时加入原相机的 48mm 裁切，长焦 3/4/5 倍有些场景不适合使用。同时建议在后期编辑中加入简单的曝光/调色功能，加强直接编辑的便利性。,False
13664471153,2026-01-23T00:06:17Z,8766665jgum,1,pro版不值得,但凡有自己玩过lut的就知道，解锁lut后，那些调色全是网红款，就是可以免费下载的。我付费了，好歹lut得是你们调的吧，真随便下几个。而且也太少了，都是网上有的lut了，你多搞几个呗，搞那么几个lut，纯纯坑粉丝钱。,False
13634476868,2026-01-15T01:39:05Z,Dker..,2,使用体验,用相机键唤醒软件会卡，原相机优先级特别高，用完原相机在用这个软件就会罢工不显示画面。拍久了就有概率卡死黑屏。新版液态玻璃的效果太多了又丑又糊又卡，不如原来的UI好用好看稳定，感觉稳定性越来越差了。求优化。,False
13924989092,2026-04-05T12:25:35Z,王者无敌6,5,给点建议,就是拍摄Log的时候没拍摄的时候用还原lut是可以看到还原后的画面，但是一旦点击开始拍摄了就没有办法看到还原后的面了，还有就是在拍摄的时候不能变焦，希望能够在拍摄的时候也能看到还原后的面，还有就是拍摄过程中可以变焦,False
13823117363,2026-03-07T13:19:02Z,资深好孩子,1,界面不够美观，功能不全，追评一个背刺,一直宣传涨价，再不买没有永久版了，结果…呵呵呵，还有以影视飓风的审美来看，感觉这个app有点不够美观，而且也没有适配ios26，功能上，什么直方图啊斑马纹啊这些好像也没看见，希望能持续改进吧,False
13327558122,2025-10-29T02:12:35Z,养乐多0,4,有好有坏,希望可以出麦克风手动关闭的功能，还有就是帧率切换不是很灵敏，有时候能切换，而且一直换不上60帧，图库如果可以同步相册就好了；不过软件内可以简单裁一下再导出这个功能对于我来说可太好了👍👍,False
13336039220,2025-10-31T02:06:29Z,Couitea wang,5,很专业的相机 app,从 tim 同学上学的时间就一直关注他，这次他们公司推出了全新的摄影App，我这边第一时间下载并使用，感觉非常好，希望今后有一天能够与影视飓风合作或是入职影视飓风，这是我有史以来的梦想。,False
13341159625,2025-11-01T08:03:58Z,刺客蜗牛,5,提点建议,拍实况的话好像没有环境音，然后播放实况的时候一开始会有一声奇怪的声音，每张都有，不知道能不能改进一下。其次如果能把相册里原相机拍摄的照片导进软件里渲染这些滤镜就更好了，真的很漂亮！,False
13332184753,2025-10-30T04:47:37Z,qingf0,5,终极飓风奥义,我就这么说，无敌 做为普通给女友拍照拍视频这么一个平常使用，比其他的那些烂七八糟全是广告的相机好用多了，也希望影视飓风团队能继续自己的爱好，我也关注很长时间了，希望越做越好,False
13350238759,2025-11-03T08:39:01Z,efeafas,1,机型支持太有限了，live photo这种更实用的功能应该好好开发,如果能让14 Pro及以下机型拍摄4k画质的live photo将是神级软件（起码要比系统给的12mp强），可惜影视飓风团队的能力还是不够，本质上只是把iPhone原有功能简化整合成一个控制台,False
13380802643,2025-11-10T14:33:46Z,陈二哥～,4,导出视频有点慢,拍视频目前还是比较喜欢blackmagic camera 不过对飓风相机有很大的希望 毕竟是个刚刚出的app，目前用到的最多就是他们的 live photo功能，确实比原相机好的不少,False
13874609581,2026-03-22T10:29:29Z,Byeby……,1,不值,被误导了，以为买了飓风相机pro就可以解锁课程的，结果买了以后课程还是要再付费的，而且app做的也一般，拍照无法导出，只是加了几个滤镜、手动调节的话，完全可以使用免费的软件替代。,False
13465089602,2025-12-02T04:13:24Z,被强迫打5星的,4,反馈一个严重bug,在关闭手机横竖屏切换按钮的时候，在拍摄过程中更换横竖屏会有概率直接把手机卡死，iphone17promax 。出现过3次了，只有开启手机自动切换横竖屏才不会卡死，麻烦尽快修复。,False
13878238334,2026-03-23T11:48:52Z,8TING,5,一些小建议,整体使用下来是很舒服的 我不知道是我设置的问题还是app本身 我觉得拍出来的视频素材和照片整体亮度偏暗 我需要靠后期软件再去做一些调色 我觉得Lut浓度是刚刚好的 望改进一下～,False
13853011508,2026-03-16T03:39:35Z,PingSteve,5,一些LUT方面的小建议,富士开放了他们的胶片模拟LUT，而且似乎富士官方支持免费商用。所以是不是可以考虑把他们的胶片模拟也加进飓风相机的LUT里，这样也可以在保证专业的同时吸纳更多胶片模拟爱好者用户,False
13921005463,2026-04-04T09:56:39Z,sshuai_can,5,希望更多功能支持,我是17数字版 最近更新的标准色彩预设我很喜欢。视频可以通过原片来导出预设文件。对于照片呢？比如raw照片的影调处理可以有吗？毕竟仿色还是很繁琐的 如果是预设点一下就好了,False
13342316364,2025-11-01T13:48:52Z,Icenine2012,4,动态照片有问题,这个动态照片是用4K视频截图合成的吧，和原相机的实况照片清晰度差好多，拍了几张照片放大一看太糊了，浪费了好多机会。视频部分没问题，不过和BM Cam的差别是挂的Luts多吗,False
13325846906,2025-10-28T16:30:26Z,广东牛局长,4,苹果13基础版,我个人认为对于买了课程 但是手机 机型是在15以下的朋友不太友好 只能录制普通视频 这个用自带的相机都能够做到 因为拍不了Apple log 这个相机的主打功能发挥不出太大的作用,False
13687407130,2026-01-29T01:50:32Z,Mikus丶,5,关于相机储存量显示小,手机自己的剩余内存显示大概是260g，但是打开飓风相机内部的存储提示，显示只有90g，请问这个是bug还是需要用户有什么设置才能准确设置呢。不然看着心慌慌的，储存焦虑了。,False
13326098734,2025-10-28T17:42:37Z,芥末白菜,5,整体使用下来的体验感觉,还是挺不错的，因为现在还没有哪家相机 app 可以通过给相机添加滤镜，直接拍摄然后生成 live 图。挺不错的特点，用来发朋友圈也挺不错的。其他功能还在探索，无限进步！,False
13818123863,2026-03-06T01:47:20Z,必须要昵称吗？！,4,已购pro，体验可以，App图标能不能更简洁一些？,已购pro，体验可以，App图标能不能更简洁一些？如果作为主力拍照App，放在桌面上，像个火影忍者的眼，不够简洁大方，要想app更多人用，先把图标改成大众更容易接受的样子。,False
13549077566,2025-12-24T09:20:25Z,Gawinwillwinwin,5,超越iPhone原相机的存在,"真的很好用 拍出来的照片特别有质感 已经放弃iPhone原相机了 
但是就是很容易卡一下 不知道是不是因为手机内存不够大  导致打开后会闪屏 如果是bug希望修复一下",False
13354511452,2025-11-04T08:44:54Z,k- k,5,两点需要改进,"大体上都是好的，两个点体验不是很好
一是录像取景框不管视频帧率选择的是30还是60或者120帧，取景框里面都是30帧.二是在app内置相册里面查看不了视频或者图片的详细信息",False
13364101566,2025-11-06T15:31:02Z,Yeric.W,5,为啥不加入拍照功能呢,期待完善拍照功能，否则应该叫飓风摄像机，建议保留拍摄视频的GPS定位信息，能倒导入并编辑苹果相册中的视频和图片就更好了，潜力巨大已经先行购入专业版，我看好你们,False
13355160096,2025-11-04T12:32:53Z,临城追狗少年,3,能给8，3分,滤镜很不错，live图也直出，很有质感，美中不足有两点：一是每次切到live图模式就会提醒重新登陆，浪费时间；二是近期出现了卡顿，闪退的情况，希望尽快优化。,False
13895835432,2026-03-28T11:19:01Z,我辈皆是蓬蒿人,1,功能太少，滤镜也少，不要买,"远远不值得这个价格，我已经买后悔了。
最最主要的是所谓片门全开模式拍出来的相片居然只有几百kb，那清晰度自然不用说了。
幸好我是20块钱买的，要是99买的不得亏死。",False
13517387566,2025-12-15T18:34:38Z,什么名被用了,5,录像可不可以像官方一样自动识别远近收音？,终于加上了拍照功能了，好评！但是今天拍演唱会发现不能像官方app的一样可以设置切换长焦之后适应后麦克风收音，搞得拍的视频收音都是收到自己的声音🤣🤣🤣,False
13617229604,2026-01-10T14:24:53Z,小麦兜同学,4,差点意思,"软件预设的Lut感觉差点意思，“还原”lut在光照充足的地方，拍出来总感觉有点发灰。
在媒体库里点开视频后，再点导出的按钮，点一次没反应，要一直点一直点，才会有反应",False
13809621505,2026-03-03T14:55:57Z,很好突突突,4,刚下载，短暂使用发现一些问题,"1、打开软件后，手机发热明显，我的是16PM，应该不是手机问题
2、在软件和原相机之间切换，软件有时候会黑屏，需要重启
3、可选的效果不算多，可能需要后期再增加",False
13813301421,2026-03-04T16:19:12Z,ksjsowni,1,额，没太懂意义是什么,搞半天只有 800 万像素吗，果子原生的可是有 4800 万，诚然这个软件拍出来的色彩可能更好，但是主摄800 万我想不出来有什么用，你还不如直接弄成卖滤镜的得了,False
13668590717,2026-01-24T02:51:07Z,tDDemoCD,1,使用外区apple music注意,此应用只有保持国区账号登陆状态才能使用付费功能，无法与外区music同时使用。我在其他任何国区付费app中从未遇到，并且客服反馈只会说“我们就是不行”,False
13504481406,2025-12-12T12:02:22Z,你好hyz,5,总体不错👍,包括两款免费Lut和很多原相机没有的iso和快门的手动调整都做的很棒。希望加上17pro系列的Apple ProRes Raw的外录和更多的格式选择😇,False
13403776510,2025-11-16T05:54:40Z,老烟丶,5,整体很棒，很喜欢很实用。,"锁定色调色温很丝滑，比那两款都丝滑！（付费那个最难用）对于我们这种非专业拍摄能保持画面色调色温一致性很有用，赞。
希望能增加定速变焦 o(^▽^)o",False
13324776387,2025-10-28T11:45:00Z,c4yr,5,方便使用的log拍摄app,能够非常方便地拍摄log视频和动态照片 目前来看非常好！界面ui简洁明了 希望后期可以推出更多的lut以及支持用户自定义导入lut！影视飓风加油！,False
13334131473,2025-10-30T15:35:19Z,凌绮0777,5,14promax卡顿问题反馈,录制HDR视频的时候会发生闪退，切换镜头时有严重卡顿，有50%以上的概率会闪退，我的手机内存是512的，还剩两百多G，内存是充足的，也没有其他的后台软件，这个是畸形的问题吗？,False
13488210371,2025-12-08T01:53:11Z,就像颜色可不是更想看筛查合唱d好多好多话好多话不热还放假放假,3,有bug,相机页面确实做的很不错 也很适合新手操作 本人是17pm 在切换滤镜的时候经常会卡死 不止一次 不知道是只有我这个型号这样还是其他型号也会遇到 望修复,False
13811716847,2026-03-04T04:48:47Z,辣鸡网易第五人格,1,欺骗消费者,上个月说后续要涨价，要取消永久版变成订阅制，诱导我2月以69购买了永久版，结果过了一个月，立马降价到20，这就是你所谓的后续会涨价？欺骗消费者有意思吗,False
13345357451,2025-11-02T05:40:35Z,别.梦.,5,Tim老大，iPad平板可不可以同步适配一下,对于有时候在外休憩，手机屏幕太小想和朋友一起拍大屏相，飓风相机存在90度角差使用很别扭而且还不能全屏拍照片，别的都很好，小白拍照比以前好了很多嘿嘿,False
13330119893,2025-10-29T16:38:45Z,潇潇姐姐.,4,使用体验-小白来说中上,整体使用感觉是较为傻瓜相机的，也有专业模式，但是整体来说软件完善度不高，而且使用卡顿，希望后续更新维护能够及时跟上PRO模式里面的色彩都很不错！,False
13907554453,2026-03-31T16:45:52Z,Hai_Millennium,1,竖拍有bug,有bug，将手机头朝下竖拍以后在app素材里看是正常的，但导出后会强行拉伸成横版，导致拍摄物体被横向拉长。在导出时没有任何选项可以修改这个过程。,False
13430795944,2025-11-23T07:59:25Z,西恩苏,5,动态照片效果的确很棒,其实视频我很少拍，但动态照片真的很需要，可惜了原相机拍不了log照片，所以应该是没办法导入原图片再加lut了吧哈哈哈😂（如果可以的话那真的是绝了）,False
13324164217,2025-10-28T08:09:30Z,(64&!,5,可以出个拼图功能吗？,"亲爱的tim，拜托出个（外部软件：如相册）导入视频，然后导出live动态的功能；
很想横屏视频拼接为竖屏视频后导出高质量live图。

拜托了🙏",False
13324947795,2025-10-28T12:32:17Z,INGH RT,3,拍摄live图片时候按下拍摄按钮的声音会被录制下来,屏幕上的拍摄按钮震动声音太大，会被麦克风录制下来，按音量键拍摄声音也会被录制下来，这对于我来说是杂音。不知道是不是故意这样设计的，希望有个选项可以控制,False
13370183670,2025-11-08T02:18:35Z,微距螺丝粉,5,如何拍摄非动态照片,是设置问题还是版本，这个app不可以切换成静态常规照片的拍摄吗？只有视频模式和log动态照片模式，如果想拍摄常规照片要怎么设置，倒腾半天都找到,False
13391405777,2025-11-13T05:22:05Z,gymjjjbgdhgg,5,导入lut,什么时候可以支持自己导入lut的功能呀，真的很需要，真的真的，还有一点，拍摄live照片的时候明明是加了lut的，可是导出的时候是灰片？不知道是不是bug,False
13489223339,2025-12-08T09:36:13Z,iceshell.li,5,给Tim点赞,"之前学习厂牌 更新日志 只有一句话 一句通用的话语 
今天更新明确了更新内容 还把上次的更新也列了出来
忍不住点个五星好评👍
预祝软件越来越好",False
13813059282,2026-03-04T14:53:58Z,时空是个圆圈⭕️⭕️,5,太好用了,是影视飓风的老粉了，一直想用飓风相机奈何一直没买苹果，如今换了苹果第一件事就是把飓风相机下过来买永久版，滤镜调的更是没得说啊太有质感了,False
13326049097,2025-10-28T17:28:08Z,兔天乐,3,跟教程里的blackmagic比有什么优点？,感觉现在app有点简单了，希望后续多更新点功能吧。按道理配套课程应该要更新一下配合这款app的拍摄教学的。感觉现在blackmagic太强了。,False
13419379253,2025-11-20T08:11:25Z,安慕希代言人天猫代言人的,4,力求下放匹配13pro,求求了快点更新到13pro也能用上滤镜lut这些吧，不然下载了软件用不上这些功能感觉很难受，主要普通人确实不可能说就为了拍照就换新的一款,False
13867288875,2026-03-20T08:53:32Z,aotidel,1,闪退是为什么？,旅行中，特意用飓风相机录制Vlog，录制了不到十分钟的视频…结果闪退，闪退之后什么也没有留下😭😭 一秒钟视频都没有。一整个大无语…,False
13392509018,2025-11-13T12:45:17Z,试验童工,1,购买权益后，权益莫名消失,购买pro权益并开通使用后，第二天权益消失，疑似bug，反馈给官方客服后，只告知我“权益已发放”五个大字，后续再沟通，未得到任何回复。,False
13430689074,2025-11-23T07:12:13Z,Kai_99_99,3,闪退重新安装后素材都没了,这段时间下载了这个相机开始使用了，效果还是不错的，但是后来突然有一天高度使用之后就一直闪退，无法打开。重装之后发现里面的素材都没了。,False
13324365932,2025-10-28T09:28:53Z,腊肠大厨,4,挺不错的，适合新手，但仍有待改进,这个预览框好像有点小，左右两边能停航母了，可以像原生相机那样吗，这样不会有割裂感。另外不支持葱相机按键直接调用，希望可以改进一下,False
13477737802,2025-12-05T13:22:24Z,李先生生生aaaaa,5,评分,我是tim和李四维粉丝，必须要给五分但是这个相机也是非常的有质感，拍出来的视频非常有电影的感觉，希望影视剧风越来越好，无限进步！！,False
13356170186,2025-11-04T17:06:57Z,amccakr,5,相册内的实况无法转化成视频,相机本身很好 简易模式只要按个拍摄就能出片 我会在苹果相册内做二次修改比如裁剪 希望飓风相机导出的实况能在苹果相册修改后导出为视频,False
13491717193,2025-12-09T00:10:40Z,東方锦龍,5,功能好用，建议增加存储到外置硬盘,体验了一下，功能设置一目了然，适合新手好入门，建议增加存储到外置硬盘，其他同类产品都支持，这种视频质量大，不想让他占用手机内存,False
13327344735,2025-10-29T00:50:52Z,清欢渡4057,5,功能很好，导出的视频照片能不能在iPhone相册里面留下地址，时间，镜头参数等信息,功能很好，导出的视频照片能不能在iPhone相册里面留下地址，时间，镜头参数等信息，用iPhone相册看这些的时候能有好的回忆,False
13325347175,2025-10-28T14:17:35Z,多重味觉,4,按键修改意见,按键ui感觉很迟钝（不是只真的卡了，但这种类ppt的放大缩小效果）让人用着有点不得劲，如果伴着苹果原生的那种震感和音效来看，不够脆生，希望可以改进,False
13325975450,2025-10-28T17:06:54Z,最萌吱星人,4,功能很强大…能自动用log和剪辑十分好用…,打开了我用log的新大门…摄影小白也能拍出很好看的质感…就是有一个需求…能不能直接当相机拍照用啊…好想他可以直接拍照…非常需要啊…,False
13517380592,2025-12-15T18:32:20Z,ooijgffffv,4,拍摄运动场景,我是一名网球爱好者，经常拍摄打球会一拍一个片段就有10几分钟的素材，套完LUT，渲染导出的时候会比较慢，不知道是什么原因？,False
13808833473,2026-03-03T09:49:22Z,头头欧巴,1,搞活动都无法做到一视同仁,当时商店没有上架app的时候，购买课程就是为了第一时间下载app，现在只给单独购买app用户返优惠券，那我们前期购买支持的用户呢。,False
13341670356,2025-11-01T10:55:22Z,神经病有什么不说我怎么,2,为什么不支持自己导入lut,既然做了这么多能不能把blackmagic里导入lut的功能加入，而且这是blackmagic的免费功能，这样大家以后只用飓风就行了,False
13324221506,2025-10-28T08:32:30Z,呵哒哒哎,1,软件很不完善,"1.不能设置单一的快门自动或者 ISO 自动，一点自动，所有的曝光参数全自动了，难顶
2.预览界面都没有曝光标尺或者直方图吗？",False
13336604960,2025-10-31T06:14:22Z,烛苛,5,希望增加自动变焦功能,BMC上有一个自动变焦功能，用来拍希区柯克非常好用，希望飓风相机能跟进一下这个功能。整个飓风团队都非常棒！加油加油看好你们！,False
13758893956,2026-02-17T12:53:17Z,我会好好珍惜你一辈子,5,新一次更新的内容我不行了,本来用的挺好，寻思更新以后会更好，结果更新以后滤镜也不强了，无法使用了我不知道是不是系统的事情，因为我用的是iOS 18.6系统,False
13354146972,2025-11-04T06:09:54Z,好用 除了好用我还能说什么？,3,批量导出功能什么时候上线？,现在没有批量导出功能，每一次导出都非常难受 导出又很慢。还需要每一个都去Lut 费时费力，希望你们快点更新这个功能，谢谢了,False
13447293749,2025-11-27T15:51:44Z,时光先生Jeslie,5,希望尽快更新导入 Lut 功能,一直相信影视飓风的做事效率，目前 app 功能已经非常简洁和完善，就差一个导入自制 lut 的功能了，希望尽快推出🙏,False
13729364947,2026-02-09T05:17:07Z,忘了就忘了0211,5,什么时候能适配一下ipad啊,在手机端挺不错的，但是我是iPhone和ipad的双持用户，我也经常会使用到ipad拍视频和照片，希望能快点适配一下吧,False
13331986347,2025-10-30T03:19:44Z,张大蒙子,4,使用体验,几天体验下来，便捷性要好于黑魔法，但色彩准确度上还是没有黑魔法精准，固定白平衡下，橙色会偏红，皮肤也偏红。希望后面会更好。,False
13347196674,2025-11-02T15:23:02Z,nba225588,5,相机,很好用的一款相机，针对苹果优化很有特点，界面设计非常简约，而且上手难度不大，学习的成本很低，一次购入，终身受益的东西。,False
13325175483,2025-10-28T13:33:07Z,🐮丿,5,还没完善吗？,13pro 手机。冲完 69 会员发现没有 lut 和不支持 log 拍摄，右上角有文字堆叠。继续等更新还是怎么办？？？,False
13325762001,2025-10-28T16:07:06Z,、机智,5,简单专业,等了两个周终于上线了，洁面简洁干净功能强大，lut的live图也很有意思，期待其他的更多有意思的功能👏🏻👏🏻👏🏻,False
13346938359,2025-11-02T14:19:21Z,悔·灭,5,拍摄时候会打断耳机播放的音乐,拍摄时候会打断耳机播放的音乐，在控制中心继续音乐，回到飓风相机会再次打断音乐…这点原版相机拍摄视频都不会打断…希望能改进,False
13825184245,2026-03-08T01:55:17Z,Leon'sDad87,1,内容少，滤镜少，拍摄照片最大800万像素分辨率低,手机苹果iPhone16promax，拍摄照片最大800万像素，滤镜也少，感觉还不如原相机。白花20元，当踩坑了。,False
13464647873,2025-12-02T01:15:26Z,嗳喏依,1,偶尔卡顿,打开相机，反应比较慢，偶尔会卡顿，卡死手机所有按键不管用，锁屏键都不能用，只能组合键强制重启，但是还在一直录着，有录制视频,False
13327461626,2025-10-29T01:35:30Z,1414kid,5,强啊,之前买的课程 现在出了自己的app 用起来比bmc简单 但是该有的功能一个不少 界面简洁 通俗易懂 对新手友好 支持,False
13566775696,2025-12-29T00:08:52Z,盐City,3,问题反馈,这款软件确实很好用，但在最近的使用中，出现好几次卡顿，直接给我手机干卡了，要三四分钟才能退出来。我目前使用的是16p,False
13906769864,2026-03-31T12:33:57Z,imrosy21,5,很好,不是拍照专业人士，影视飓风的观众，看着app内的滤镜挺不错的，买了支持一下嘿嘿，希望之后出去玩能拍出来好看的风景照片,False
13461827732,2025-12-01T09:14:16Z,"南岗大呲花,*",3,拍摄后存储问题,应该以供选择储存方式  是软件内置或者用户相册内  我真不喜欢软件内置的储存方式 这对懒人来说 还需要在导出相册 麻烦的狠,False
13327288145,2025-10-29T00:29:09Z,番茄小鱼好好吃,4,一些需要改善的问题,iPhone17Pro系列已经支持了Opengate，那app里的用Apple Log的动态照片应该给一个opengate的选项,False
13468081812,2025-12-02T22:38:36Z,翔哥46,3,增加第三方Lut导入功能,希望能增加Lut导入功能，现有几个不能满足适应需求。没家App都有自己优势，希望最终只有一个摄影App。 飓风看好你,False
13333994899,2025-10-30T14:59:39Z,model zx,1,如果只能拍视频的话，就别叫相机啊,这个app，还以为是相机增强app才下载的，结果只有录像功能。tim你那么专业，会把只有录像功能的东西叫做相机吗？叫飓风录影机之类才对吧？,False
13826685053,2026-03-08T13:00:47Z,缘起星辰,3,一些建议,"lut 太少，拍出来感觉太暗
希望把 iphone 原相机的一些特有功能融合进去
1.人像模式 
2.空间视频",False
13668478313,2026-01-24T02:07:38Z,RAC集团,5,爱了,除了比原相机更耗电，其他都可以可以使用，原相机不能使用的一些功能如1080p可以开启120帧在一些设备上面，相机只能开60,False
13342289732,2025-11-01T13:42:26Z,香吉的卷眉,4,用pro版本LUT导出 画面有色差怎么办哩,苹果 15pro 导出来色差很大，和在软件里的视频会有很大色差这该怎么办哩 😭😭特别画面里有人的时候导出来皮肤颜色会变的特别红😭😭,False
13832972079,2026-03-10T09:57:04Z,KK🎬🎤,1,无法恢复购买,不知道为什么恢复购买输入密码后一直没有反应？我以为是密码输入错误，但是尝试其他密码后发现输入错误密码会出现密码不正确字样,False
13334048643,2025-10-30T15:13:34Z,糖酸胀OACD,5,太喜欢了,这个软件真的很不错，而且影视飓风也很良心我买了49的课还送我69的pro版，我会一直支持你们的，继续加油！,False
13337523198,2025-10-31T11:48:16Z,nsvsinf,3,现在还称不上好用,第一点建议，预览界面加删除功能，现在只能看了之后回到编辑界面删除，第二点建议，加入导入lut功能，第三点建议，加入调整编码功能,False
13349951103,2025-11-03T06:38:59Z,Mr.Zhou_SH,3,功能不够完善,"1.没有直方图
2.没有录制时锁定参数功能
3.滑屏切换lut，添加循环功能，能够提高效率
4.动图没有画幅选择功能",False
13818738559,2026-03-06T06:50:45Z,淦鲨鱼辣椒,1,说涨价结果降价,之前就是冲着 app 买的课 因为买课比买 app 便宜 结果买课获得的 app 会员没有补偿 挺失望的 说涨价结果最终定价 20,False
13701610258,2026-02-01T17:15:21Z,nytlrr,3,iPhone14pro没有选择lut 的按钮吗？虽然不支持log拍摄，但是应该可以直接选择lut直出吧😐,iPhone14pro没有选择lut 的按钮吗？虽然不支持log拍摄，但是应该可以直接选择lut直出吧😐,False
13325557833,2025-10-28T15:12:26Z,酸甜蛋,5,拍照非常好,"这个公司非常良心，只要你买了课程就会免费升级Pro版，我会一直支持影视飓风的
无限进步！无限进步！无限进步！",False
13330117337,2025-10-29T16:38:03Z,OliverH0912,5,非常简洁,适合新手，但是专业模式不够专业，可以削减一些符号，仅保留文字即可，希望能给相机按键添加lut切换的功能,False
13360011252,2025-11-05T15:38:43Z,aaaaaashan,4,无限进步,第一次评论app，感觉自动白平衡有时候偏黄，还有放大的时候不显示放大倍数呢，希望下个版本更新，无限进步！,False
13815495762,2026-03-05T08:19:52Z,121516164646464,1,感觉钱白花了,都是苹果手机，他这个只支持15以后的，那些特效用不了就算了，连进相册的按钮都不给，拍完还得自己跳出去看,False
13325595215,2025-10-28T15:22:11Z,Somerset·Tom,5,希望记录地点信息,希望可以给拍摄的照片和视频记录下地点信息，这样保存在本地相册后就能知道是在哪里拍摄的了，更有纪念意义,False
13765726344,2026-02-19T11:06:41Z,hoozdo,5,非常值得用的专业拍摄软件,我以前一直用的是bmc，可惜bmc没有拍照模式，而飓风相机不仅加入了拍照模式，而且还兼顾了专业性和便捷性，,False
13324502339,2025-10-28T10:18:17Z,Mrbkacklu,5,提个小建议,设备是Iphone15，横屏模式下，白平衡与快门速度大数值的显示有轻微遮挡，索强迫症命了，哈哈哈哈哈~,False
13880851475,2026-03-24T05:04:23Z,Airposts,5,增加水印打卡功能,作为一个万能且功能强大且拍照方便的飓风相机神器，应该给增加一个水印打卡功能，我就好卸载今日水印相机了。,False
13326117404,2025-10-28T17:48:14Z,花水木Hanamizuki,4,改进建议,1.live图可选比例；2.曝光模式增加光圈优先、快门优先等选项（例如：iso手动固定，快门速度自动）,False
13766875519,2026-02-19T17:44:03Z,iii iiiiiiiiii,4,使用问题,手动快门速度不能调节到30帧一下 ，拍摄过程中不能调节焦距，；使用过程中偶尔卡顿不能拍摄，需要重启APP。,False
13328419841,2025-10-29T08:19:40Z,讲讲道理好伐,4,对我来说有个问题，是在视频log模式下移动镜头情况，画面显示有延迟感，没有原生相机移动的情况下流畅。,对我来说有个问题，是在视频log模式下移动镜头情况，画面显示有延迟感，没有原生相机移动的情况下流畅。,False
13328961266,2025-10-29T11:27:49Z,léon lee,1,17标准版不能用,介绍里也没说标准版不能用，买完了。 废了，只能用个其他app一样的免费功能。还买你家衣服呢。下次不会了。,False
13367258779,2025-11-07T10:55:09Z,Mr.Lighttt,2,有待优化,16PM，刚打开切换120mm焦距闪退，再次打开卡顿。录制视频5秒开始卡顿，提示lut停止，后面看视频卡顿。,False
13363484335,2025-11-06T12:41:33Z,xgghdfjnddkjfdrikfs,4,居然支持4k120帧,刚开发，还是很不错了，期待以后加上：滤镜拍照；查看文件信息；自定义两三个常用拍摄参数一点就用。,False
13889441686,2026-03-26T16:03:38Z,答案永远的答案,2,目前看是不值的 有点后悔,无法导入的lut 和系统相机比稀碎的对焦 还有照片只是视频单帧  还有就是十分之一自带相机log的体积,False
13327937649,2025-10-29T04:52:44Z,一个小元宵,5,Pro版Lut 怎么用,升级pro版了，但是14pro拍摄界面和导出界面都没有lut 选项，是只有log模式下才有lut 选项吗？,False
13631294823,2026-01-14T05:41:31Z,霸气桃桃椰,3,ipad横屏使用很难受,我是一个喜欢用ipad拍摄的人，试了一下发现横屏的时候，字和画面内容都是不合适的都是反的，希望完善。,False
13325598856,2025-10-28T15:23:09Z,张榆傑,5,一个更新小建议,希望可以给飓风相机加上各种画幅选择功能！！！尤其是XPAN，2.35：1这种特殊画幅。抱大腿了！,False
13331748716,2025-10-30T01:46:17Z,hwhwheususjsjdnsndhd,1,LUT在哪里？,点了点找不到LUT，然后找到了付费页面，上面显示开通Pro可以解锁LUT，结果付费完之后还是啥也没有！,False
13325224029,2025-10-28T13:45:42Z,LuckErr_XN,5,优秀,不太流畅，有待优化，基础功能也有了，可以加入丰富的lut供用户选择，支持拍摄和视频中拍照就更好了,False
13829264113,2026-03-09T06:23:59Z,打旁边那个,5,提点建议,希望增加一些基于标准模式下的影调，让标准版也能用上带影调的动态图，现在只有pro才能用还是很难受的,False
13324545961,2025-10-28T10:33:03Z,落叶橘子皮,5,很不错，但还需努力,"画面很不错，很干净，但是一些功能比之bmc少了一些，希望后续能够完善。
ps：图标还是黑绿色好看",False
13391813971,2025-11-13T08:27:56Z,让你可以夸了,4,很方便的一个工具，但是目前好像稳定性还不够，在拍摄的时候，容易出现抽帧的现象，但是成片又没有问题。,很方便的一个工具，但是目前好像稳定性还不够，在拍摄的时候，容易出现抽帧的现象，但是成片又没有问题。,False
13328083692,2025-10-29T05:58:11Z,呵呵呵今生今世呢,5,第一波用户了吧,UI简洁，比那个blackmagic好上手，但是iPhone那个相机按键好像设置不了，建议开一下,False
13325483719,2025-10-28T14:53:06Z,洋芋🥔！,4,流畅度,流畅度感觉还是不太行，切换镜头的时候卡顿明显，不能导入自己的lut 希望以后更新可以有更多功能,False
13581063932,2026-01-01T14:01:11Z,kelvin8314,5,实用易操作的摄影软件,影视飓风开发的软件，先拍log，直接带滤镜导出。青青调色审美在线。易用，还能保留 log 源文件。,False
13353861456,2025-11-04T04:03:35Z,wangxuanping,5,视频导出的时候进度条,视频导出的时候的进度条如果可以看着一点点增加而不是跳跃式的增长就好了，感觉一跳一跳的有点卡顿不够丝滑,False
13325549926,2025-10-28T15:10:21Z,Monstersolo,5,用过的最好用的log相机,太简洁了，没有复杂的设置编码器什么的选项，只保留与摄影高度相关的功能，希望以后有log拍照的功能,False
13569609647,2025-12-29T17:14:56Z,我是五毛,5,请加入导入自定义 lut 功能,比 blackmagic cam 好的地方就是能拍照片，但是如果能把导入自定义 lut 加进去就更好了,False
13325820275,2025-10-28T16:23:03Z,虎背上的少年,5,支持飓风相机APP,原生相机什么都不能调太难受了，终于有人做相机APP了，希望你们多多借鉴黑魔法的优点，无限进步！,False
13336694454,2025-10-31T06:53:59Z,huihui1222,3,有待改进,"有三个问题:
1、会自动退出登录状态
2、光圈不可调
3、各种滤镜相差不大，建议设置强度可调。",False
13809098284,2026-03-03T11:49:57Z,56626759 7,1,没有做旧账号替换的功能，旧手机号注销了，没办法验证信息，新手机号有购买记录或其他验证方式，无法替换新手机号,没有做旧账号替换的功能，旧手机号注销了，没办法验证信息，新手机号有购买记录或其他验证方式，无法替换新手机号,False
13328031819,2025-10-29T05:34:54Z,宁静==,2,不好用,视频录了老半天，存那里都不知道，这还是相机？无法看手机照片，后期怎么做，看不见导出路径，无语😓,False
13634016546,2026-01-14T22:34:21Z,twx1234,3,还有地方需要改进,更新了版本以后，摄像头切换的时候，画质太差了，有一种数码变焦的感觉，并没有像之前那样启动光学变焦,False
13490166990,2025-12-08T15:04:44Z,起来来,2,像素成像低,拍照像素很低，相片质量不好，只有8mp像素，极影相机还支持12mp/48mp像素，希望更新更高的像素出来,False
13328313192,2025-10-29T07:36:32Z,低调滴菜鸟,5,易用 很出效果,相比 blackmagic cam 简单了许多，同时默认的稳定器效果和平滑变焦很容易拍出电影感,False
13340474409,2025-11-01T03:26:43Z,((((；ﾟДﾟ？？？？？,5,希望能出一个13pm以上的log和设计一个可以利用小组件点击打开的小组件,什么时候可以出一个13pm以上的动态图版本和小组件的，因为不方便🤔但是这个app真的很好用,False
13370643804,2025-11-08T05:15:31Z,歌宴航拍,5,拍的好,影视飓风出的，拍摄专业，有白平衡等等，保留了iPhone的0.5超广角，能满足专业拍摄者的需求。,False
13346646339,2025-11-02T13:05:26Z,小蚊子大狐狸,5,感谢飓风，拯救了我这个摄影小白,当初买苹果就是为了log模式的使用，但是真正用了发现并不好用，但是飓风相机完全拯救了苹果的log模式,False
13811905893,2026-03-04T06:30:35Z,一个破昵称还不能重复好烦啊,1,拍实况照片卡死,不只是app卡死 是整个手机卡住 客服说要录个屏 结果把录屏都一起卡死 究竟是调用了多少算力和内存,False
13811236154,2026-03-04T01:13:09Z,芦苇丛中。z,2,色调在哪调？调不了！,花了20块钱就想体验一下这个相机的滤镜，结果花了钱和没花钱体验到的是一样的！我就想问滤镜色调在哪调？？！问了b站也不回！,False
13556349037,2025-12-26T09:58:32Z,武锦烨,3,有待改进,成片太糊了，并且卡顿闪退，希望不断优化bug越做越好吧，目前体验感还不如Blackmagic,False
13628823855,2026-01-13T14:17:09Z,稻田地,5,感谢信,真心感谢作者出这么好的工具，还有这样细致的教学，让我一个新手小白得到满满的摄影常识和摄影知识,False
13327889217,2025-10-29T04:31:25Z,HYIZZZZZZ,4,一些建议,希望在iphone本地照片里查看照片和视频时可以显示相机，镜头和位置等信息。这非常重要。,False
13628187774,2026-01-13T10:36:48Z,牧羊人006,5,非常好用,非常好用曝光准确亮光环境下，套用lut得到的画面非常漂亮，前期可以微调参数达到最好的出片效果,False
13338000298,2025-10-31T13:54:50Z,GXS李哥,3,现阶段全是bug，根本没法用,拍的视频导出以后，前几秒还正常，后面就莫名其妙全变成慢动作了，还有的素材拍完只有剪辑，无法导出,False
13325368675,2025-10-28T14:23:12Z,bi907,5,请适配一下相机键,这样我可以快速打开来拍摄视频，而不是需要打开app才可以拍摄，软件没啥说的很棒，体验也很不错。,False
13334387349,2025-10-30T16:44:48Z,麦子卖麦子,1,建议删除账号不要放在账号管理里面,客服非常难找，客服入口在哪要找半天。并且一般很少人删除账号的，退出登录建议和账号管理放一起,False
13325755783,2025-10-28T16:05:24Z,二维无时空,5,首批用户到此一游,试用了一下，非常不错，有非常考虑用户痛点的 Tim 在，越来越期待这款相机未来增加的新功能！,False
13325048341,2025-10-28T12:59:30Z,我是Tim@,5,可不可以出一个拍摄照片的功能，就只是照片,平时只想用来拍摄普通照片，但是又想用飓风相机的调色怎么办，可以不可以出个拍摄普通照片的功能啊喂,False
13358758594,2025-11-05T09:11:27Z,Yorffiy,5,13pm用户哭了,视频功能很好用很喜欢，但是log Live Photo 可以考虑一下老机型吗🥹👉👈,False
13325222366,2025-10-28T13:45:17Z,ljz0o”,5,软件很好，教学课件也很好，影视飓风忠实粉丝。,软件很好，教学课件也买了，可惜我的13pro好多功能不支持，但是我还是会认真学习的🙏🙏🙏,False
13326360654,2025-10-28T19:02:40Z,Rick•L,3,👍,提供了一些建议，希望可以让这款软件用起来可以更丝滑无感一些，希望看起来可以更像是在用系统相机一样,False
13440941832,2025-11-25T22:28:14Z,张北秋,5,能不能导入富士的lut,富士的lut已经开源了，能不能自己导入功能呢？或者是官方给导入进去，我们直接使用，求求了。,False
13488601801,2025-12-08T04:38:09Z,想摆烂的钱同学,5,希望能适配一下大疆的手机云台,搭配大疆的Osmo Mobile 8使用时不能通过云台上的按钮进行操作，希望能适配一下,False
13360076635,2025-11-05T15:56:53Z,浪浪啦啦啦聊✧٩(ˊωˋ*)و✧,5,关于前置,关于前置，在iPhone 17系列上，明明可以竖屏拍摄横屏的构图，咱们也可以升级一下呀,False
13419649868,2025-11-20T10:15:52Z,精分阿满,4,支持拍照,如果后续可以支持拍照就好了，现在只能用来拍摄视频  log 模式的实况对机型也有限制,False
13325179576,2025-10-28T13:34:12Z,Quin Wong,5,太棒了！,终于等到了，不过，拍摄比例与闪光灯后续会补充上么？亦或是我没有找到？拭目以待:-D,False
13329440481,2025-10-29T13:38:57Z,恐猪,5,B站买课不知道怎么绑定的,回到B站的课程里，评论区置顶有绑定手机号码的链接，绑定之后回到app里重新登录就好啦。,False
13349915432,2025-11-03T06:23:40Z,kd人,3,冲着拍实况 log 来的,目前看来拍 log 实况还是要上稳定器才可以有很好的效果 防抖很差 希望后期更新优化,False
13830145850,2026-03-09T13:23:13Z,土豆清蒸马铃薯,3,lut导入,其实我是不太明白为什么飓风相机没有lut导入功能，就那几个内置lut感觉完全不够用,False
13324889720,2025-10-28T12:16:26Z,烦人的猫岛,5,调用方便,能把摄影和摄像整合起来确实比一个一个应用之间转好太多了，我直接就是无限进步好吧🥳,False
13332110201,2025-10-30T04:13:31Z,子额呀,5,加油,apple log运用十分自如但可以对128gpro用户更亲民一些app不要做的那么臃肿,False
13324401366,2025-10-28T09:42:14Z,酷酷呆瓜,3,感觉还不太完善，第一眼也感觉不是很吸引人。不过第一个版本，再接再厉,感觉还不太完善，第一眼也感觉不是很吸引人。不过第一个版本，再接再厉。我很期待后续版本更新！,False
13349495563,2025-11-03T03:23:46Z,Reason7th,1,半成品，吃相难看,一堆bug，15pro用的都卡，批量导出没做好也敢上线，纯纯半成品拿上来就开始割了,False
13325913894,2025-10-28T16:49:19Z,KomaChung,5,推荐,跟着学习课程，很有趣，现在惊喜的出现了飓风相机，真的很多细节，诚意满满。感觉自己又行了,False
13845500737,2026-03-14T01:09:55Z,一个视障者,3,非常出乎预料很多设置选项旁白都能朗读到。更加出乎意料的事，居然快门按钮旁白读不到也操作不到，所以这是逗我呢？,期待影视飓风可以让这款产品达到通用和无障碍的设计效果，我也很想拍出电影感的作品。,False
13329962867,2025-10-29T15:55:34Z,匿名评价行不行,5,简单易用，期待后续迭代优化,整体蛮好的，早早就购买的log课程在这一刻含金量一下就上去了。变焦方面还有待优化。,False
13325601229,2025-10-28T15:23:47Z,茄子哥哥sax,5,YYDS影视飓风,作为tim的死忠粉，必须第一时间下载。感谢tim带我看世界。我的梦想是去tim公司上班。,False
13832820156,2026-03-10T08:35:00Z,橄榄灵禽,1,登陆,能不能不要每次用的时候登陆，像微信QQ保持登陆不就可以了吗，每次想使用拍照的时候登陆完就错过了,False
13324470737,2025-10-28T10:07:15Z,悲伤的莲雾,5,飓风nb,相机app使用效果非常好，期待更多的模式被开放，也希望影视飓风无限进步，祝你我！,False
13327512485,2025-10-29T01:54:51Z,Zard2077,5,好用，但是稳定性有待提升,出去旅游挺好用的，直接开烧录，没有bmc 那么繁琐，简洁但够用，不过流畅度有待提升,False
13326411504,2025-10-28T19:18:39Z,hdidgssh,5,相机拍摄,很好 但能否同时支持普通动态照片拍摄 有专业版 但是13机型太老了 就想用来拍拍照～,False
13822425646,2026-03-07T08:27:05Z,唐宋时期的璟,5,整体都挺好拍的很清晰,自拍有bug，就是从后置转换到前置时然后突然出现闪屏，吓我一跳，还得需要更新优化,False
13814815178,2026-03-05T02:30:21Z,RexRao,1,有点失望,感觉没有原相机拍的清晰，用这个相机感觉雾蒙蒙的，画质偏糊。还没安卓相机自带的滤镜拍的好看。,False
13871271373,2026-03-21T12:06:44Z,左*之,5,非常好用,内测的时候已经体验过了，非常好用，但 iPhone12 不能拍 Apple Log,False
13733648846,2026-02-10T11:12:41Z,在下菠萝派,1,拍出来的照片只有300kb,在app内反馈了也一直没有回复，按照网上的建议卸载重装之后，还是只有500kb,False
13553901988,2025-12-25T16:59:18Z,shawn 小鱼,5,请问什么时候可以导入lut,现有的功能很令人满意，不过还是感觉出的照片比balckmagic拍的视频糊一点,False
13560210592,2025-12-27T09:29:01Z,我叫大老湿,4,不支持 OSMO 云台快捷按键,没法使用 Osmo MOBILE 8 的录制和变焦等按键，必须手动点手机。不方便,False
13913202212,2026-04-02T06:01:08Z,kazuak1i,2,静态照片的log影调呢？,"怎么把静态照片的log影调更没了？？？
原来直接出片，现在还要去相册里调整无语",False
13336602047,2025-10-31T06:13:05Z,hkskssh,5,不能导入lut,好像不能自己导入lut，希望赶紧更新一下可以自己导入，画面稳定不是太好，还需要加强,False
13394931154,2025-11-14T02:15:19Z,好像我的1,4,有意思,只能录视频拍照，还需要花69块钱，但是该有的功能都有，比iPhone原相机好用,False
13328937043,2025-10-29T11:20:33Z,铭创网络,5,关于相机快捷按键,什么时候能像Blackmagic Cam那样，能够支持拍照键一键唤起飓风相机啊？,False
13333865748,2025-10-30T14:26:26Z,周流君,5,解决了log入手困难的问题,很好地解决了大多数iPhone用户拥有最好的log拍摄系统却有使用成本的问题。,False
13327278328,2025-10-29T00:25:22Z,空山能醉客,3,感觉一般，还没试试长时间录视频,早晨全自动拍照对焦没阳光的地方，有阳光的地方过爆，对焦有阳光的地方整体就非常暗（用的还原）,False
13331647439,2025-10-30T01:07:56Z,超爱夏弥,5,无限进步,感觉取景框打开 4K120 帧有点卡卡的，希望小伙伴们继续完善优化一下🤗,False
13397149422,2025-11-14T15:47:48Z,还有事申请书、说明书、权利要求、摘要、附图、优先权,4,不支持云台,提个意见，作为一个半专业的录像软件，不支持insta和大疆的云台真的说不过去。,False
13684687393,2026-01-28T10:17:04Z,slowndream,5,虽轻量，但顶级,没有bmpc的功能复杂，但却可以很好的满足非专业级摄影发烧友的绝大部分需求,False
13809136222,2026-03-03T12:05:10Z,额额en,5,good,建议加点教程啥的，就是说明那些功能具体能干啥，我现在还只会用点基本的的，或者自动的,False
13710408093,2026-02-04T02:31:35Z,南善良,5,增加外录到存储设备,如题，希望可以增加外录到存储设备的功能，像BMC一样可以自行选择录制存储位置,False
13924444803,2026-04-05T08:30:37Z,老林的 appstore,3,相机打开都直接爆了,更新最新版本后，相机打开，无论是照片还是视频还是 log 模式，都爆了，曝光拉满,False
13919975130,2026-04-04T02:11:40Z,王者峡谷中大儿童,4,需要优化的地方,不知道是我设置问题还是什么，取景器的帧率真的很低，同类型的黑魔法就很丝滑，这一点需要优化改进,False
13520254580,2025-12-16T14:14:08Z,lix665566,5,好的软件让我的手机抽风,麻烦你们能不能试一下iPhone 11 Pro Max的相机使用镜头会抽风？,False
13349341602,2025-11-03T02:25:03Z,Verqil,5,画面跟不上实景,录像的时候总感觉有拖影 画面比手慢 希望下次更新的时候修复下 机型17Pro,False
13634924351,2026-01-15T04:47:45Z,qQ513861148,5,我期待飓风相机的每一次更新,希望飓风影视能够越做越好，我也相信飓风相机能变成专业和业余都最喜欢的第三方相机,False
13361887037,2025-11-06T02:13:42Z,天然呆呆0-0,5,提个小建议,能不能锁死快门速度自动调解ISO曝光？自动曝光在记录生活过程中还是方便一些,False
13392483600,2025-11-13T12:37:39Z,一阳yoko,3,15pro为什么没有48mm镜头的选项呀！,15pro下载后没有48mm镜头很难受是优化问题吗，后面会更新这个选项吗,False
13380677952,2025-11-10T13:59:13Z,China zhenxun,4,功能有点少 建议后续加一些功能,软件很稳定 不像blackmagic cam 导入lut闪退 但后续要多加点功能,False
13328129739,2025-10-29T06:18:26Z,春熙路的小孩,5,一个建议,目前LUT不支持添加额外的，只能使用默认的几个，希望后续更新能支持添加额外的LUT,False
13857037368,2026-03-17T09:27:49Z,Bone1ess,5,看到最新的孟加拉那期，直接给满分吧,也不说割我韭菜了，你们要是拿我钱去拍这种优质内容，割！我还嫌你们刀子不够快呢,False
13374328280,2025-11-09T01:06:07Z,1节深65,5,强,一般来说，他那个还原色彩就非常丰富了，再加上自己稍微微调一下就更好看了。,False
13809748353,2026-03-03T15:38:44Z,雷'锋,4,通用型,17，购买服务时提示机型不支持，部分功能不可用，可以做详细说明或提高通用型.,False
13523173742,2025-12-17T09:45:03Z,LLJIALIANG,4,使用很好,很好用，文件体积控制也很强，很多适合国人的使用习惯，同时希望能支持外接硬盘,False
13346736987,2025-11-02T13:28:57Z,不知道那个好的呀哎,1,买了课程不能兑换会员,之前抖音视频不是说买了课程可以兑换会员吗？咋兑换呀？也没说清楚。很无语啊,False
13325009601,2025-10-28T12:49:04Z,八成是废了,4,对焦,每次点击屏幕对焦的时候，感觉反应不如原相机的灵敏，有点缓慢，希望可以改进,False
13353963949,2025-11-04T04:48:08Z,Mercurial_,1,每次想用的时候都要登录一次,买课绑定的账号，天天掉登录，每次打开想拍 live 就让我登录，体验太差了,False
13371375670,2025-11-08T09:58:04Z,红色普工,4,一件导出,到底啥时候可以一件导出啊……拍了几百条视频，不能一件导出连一条完整视频都不想剪,False
13740439967,2026-02-12T08:56:16Z,我只是流川疯,1,相机功能也一般,买错了，看到直播间还在卖课，说想退了去直播间支持一下，死活不让退，生怕退了不去买？,False
13465794588,2025-12-02T09:40:22Z,hzhskaljdbskalan,3,稳定器，监视器问题,"稳定器在手持环绕运镜时稳定效果不可用
监视器延时偏大间接导致手持运镜稳定效果欠佳",False
13329959777,2025-10-29T15:54:43Z,晴天版的微风,5,首发支持👍👍👍,登陆状态每次重新打开都得登陆，曝光和对焦的圆圈可以调小一点，数字放大一点,False
13516584725,2025-12-15T14:16:01Z,RSseven7,5,满分,满分，Tim是一位非常出色的企业家，如果有机会我一定要去学习学习再学习，然后去影视飓风上班，,False
13700807938,2026-02-01T13:21:47Z,大疆无人机用户甲,1,拍摄看着录制了，结果最后没录上,太气人了，明明看着录制了，结果最后一关没录上，并不是按错了或者按反了，就是没录上。,False
13485747789,2025-12-07T12:36:32Z,kAkakakokO757,4,拍摄卡顿,16PM固定焦段拍摄，拍摄后出现拉风箱、抽帧情况，希望改善。滤镜不错。,False
13580447199,2026-01-01T10:23:42Z,ys j bsn,1,系统操作卡顿,删除素材的时候系统卡顿把我想要的内容删掉了，没有删除确认和撤回的功能吗？,False
13345974642,2025-11-02T09:37:42Z,无油无盐7,2,0.5 边缘矫正不到位,iPhone15promax，0.5 的广角边缘矫正不到位，明显的畸变,False
13325386288,2025-10-28T14:27:46Z,熊猫买买买买买,5,b站前来报道,暂时没找到咋登陆b站课程账号，试了一下视频log 爽的 Tim加油,False
13335470808,2025-10-30T22:30:45Z,草你妹哦,3,更新后没有120帧了,为什么更新后，没有4k120帧可选了？不是释放相机性能吗？怎么收缩了？,False
13886376042,2026-03-25T18:54:44Z,omirock,5,飓风相机App,无论摄影还是摄像，都惊艳到我了，感觉榨干了iphone的镜头和处理器,False
13721294124,2026-02-07T01:43:05Z,HardToNameMeN o,5,建议,我喜欢夜空，希望影视相机课程可以提供进行长曝光拍摄夜空的功能及教程！,False
13455378883,2025-11-29T16:55:21Z,小艾4901,5,小建议,如果加入拍照功能和自己导入lut的功能就完美了 还有外置硬盘录制模式,False
13331299918,2025-10-29T22:56:41Z,ZhaiRuoxi66,5,好,傻瓜式拍摄，对大多小白友好。动态照片能增加预选块门前预拍1秒就更好了,False
13325065750,2025-10-28T13:04:07Z,观星歌歌,5,想要功能,希望可以出一个边拍视频边拍照片的功能，跟苹果原相机也有，我觉得很好用,False
13327564705,2025-10-29T02:15:11Z,imkevin2011,5,帅气的app，但是还是半成品的样子,功能比较简单，小白期待Tim 出更多摄影教程，更期待抓紧开发进度，出更多功能,False
13466608696,2025-12-02T14:24:27Z,超超rss,5,牛逼的飓风相机,飓风相机居然可以蓝牙接大疆麦克风并录制视频，不用接收器！大大好评！牛逼,False
13328150710,2025-10-29T06:27:28Z,Joker沃尔子,4,为什么购买了课程还需要付费pro版本,购买了课程，结果使用购买课程的手机号登录，还需要花69才能解锁pro版,False
13676862422,2026-01-26T07:02:38Z,马里奥的日记薄,4,无法选择录制在外接硬盘,可以开发一个选项录制在外接硬盘吗，同时可以选择录制apple raw视频,False
13324556975,2025-10-28T10:36:45Z,Eric9981,4,交互体验很好，并希望美化UI,刚刚安装，上手确实简单，交互逻辑轻量快捷，希望UI视觉加一些大胆创新,False
13674196095,2026-01-25T14:27:03Z,真好，太喜欢抖音了,5,一般,确实有一些拉胯 拍摄视频的效果有一些糊 大家要是没有啥需求就不要下了 想拍照的话要开VIP,False
13818602557,2026-03-06T05:34:59Z,真杨哥,5,性价比可以,49块钱我犹犹豫豫，20块钱直接买了，毕竟18年就关注了b站的影视飓风,False
13581770639,2026-01-01T17:28:31Z,焮烨rirry,4,动态图播放bug需要修复,动态图双指滑动放大后，长按进行播放的时候，图片会进行异常移位，需要修复。,False
13324030178,2025-10-28T07:13:27Z,地狱死骑,3,支持免费拍照功能吗,支持免费拍照功能吗，还是 pro 版付费的动图那是拍照功能，没有免费体验的？,False
13365707056,2025-11-07T00:21:12Z,sealwithakiss,4,面向群众有点少😭🥺,能不能给14用户也开通一下loglive谢谢谢谢我会充值的 无限进步！,False
13341720570,2025-11-01T11:10:42Z,w&y.,3,希望优化一下,为什么导出的视频，照片都跟模糊呢，而且有点假，有点像项目设计效果图啊,False
13329337051,2025-10-29T13:11:57Z,Ghvfvvbvhvbb,3,不能拍照,只能录像，不能拍照啊。画质好像比原相机更好了，拍出来好看，但是没有拍照模式,False
13828941646,2026-03-09T03:23:44Z,dgndggggggg,3,iPad横竖屏适配有问题,横屏状态下的录像功能App会旋转为竖屏，出来的视频是正常的横屏的。使用的是iPad第六代。,False
13324576134,2025-10-28T10:43:11Z,还蛮实用的哦,5,不错👍,上架后第一时间下载，期待很久了，之前的log课程也很不错，期待后续使用,False
13331589201,2025-10-30T00:45:43Z,）kun（,5,无敌,好用就完了 比blackmc更简洁方便的同时也能保持很好的拍摄水准,False
13329503326,2025-10-29T13:55:06Z,年糕真好吔,5,影视飓风 yyds,超级方便！！！没有 blackmagic 那么繁琐，功能够用且易获得！,False
13754201568,2026-02-16T04:16:13Z,SLqaq,3,功能还不完善,直方图没有，而且也没找到保存到外置硬盘的地方。虽然但是我还是挺失望的,False
13809697326,2026-03-03T15:21:28Z,凤凰花出自己的生活方式,3,好家伙,16pm的48mm暗光下涂抹感非常严重，细节全丢，完全不如原相机的48mm,False
13503513104,2025-12-12T04:44:47Z,层林锦染,1,👎,拍摄不支持raw格式，但是介绍里面并没有标明，还不允许退款，无敌了,False
13920509528,2026-04-04T06:11:34Z,Xin.yu.,5,照片希望增加时间水印,希望照片可以增加时间水印，就最简单的那种就可以，有年月日和时分秒就可以了,False
13353556788,2025-11-04T02:05:33Z,ごずい,1,挺失望的,用的16pm，相机使用时画面发灰，自动白平衡不准，自动对焦不清晰，自动挡不如苹果原相机好用。,False
13325884622,2025-10-28T16:41:01Z,吃不完的豆豆,5,画面流畅度,拍摄过程，感觉画面流畅度有点掉帧，希望后续Tim的团队能做的更好,False
13375226911,2025-11-09T06:51:21Z,牧辰岩,5,加油,更好的解决的 拍视频拍出来的环境颜色不对劲的问题 看着更顺眼 更好看 很喜欢,False
13332351183,2025-10-30T06:04:59Z,windsonzhao,5,质感一流,"质感很好，画面裁切暂时未找到，如果先入手app,有更多教程就更好了",False
13341299899,2025-11-01T08:53:24Z,博文叉叉,4,建议功能,视频动态都很好，弱弱问一下，可以更新增加一个只拍静态照片的功能吗？,False
13325510642,2025-10-28T15:00:07Z,4789、,5,非常好,功能非常好用，特别是log转live图的功能非常方便，省去了很多时间,False
13324466617,2025-10-28T10:05:47Z,小Eesther,4,有点小bug，会一闪一闪,很方便很容易上手，但是live photo没有声音，希望后续能加上,False
13461631882,2025-12-01T07:45:25Z,小泳豆,5,照相模式,已经解锁会员，期待什么时候出一个拍照模式，或者拍照的 app，求求了,False
13900224548,2026-03-29T15:15:31Z,🤮退钱,1,退款退货不同意是吧,不支持苹果17标准版，买后就立马申请退款，两次都被拒😮‍💨,False
13849954623,2026-03-15T07:51:46Z,宁静湖畔,3,希望能处理其他Log,似乎只能处理飓风相机自己拍的Log，甚至自带相机拍的Log都不支持处理。,False
13380088756,2025-11-10T11:00:07Z,zxl海,5,无限进步,希望后面推出4:3log动图和17系列之前的opengate功能,False
13325437123,2025-10-28T14:40:59Z,666的话了,3,14pro没有滤镜无法使用log,14pro没有滤镜，也无法使用log，仅有最简单的录制视频功能。,False
13853091263,2026-03-16T04:21:30Z,Xuan0836,3,LUT无法导入,为什么没有LUT导入选项，跟网上看的界面不一样（ios27）,False
13816152148,2026-03-05T13:11:13Z,Jiao Jie,5,无限进步,"标准14用起来很不错 无卡顿 
㊗️影视飓风越来越好
     无限进步♾️",False
13390975997,2025-11-13T02:18:25Z,冷酷小保安,5,支持 Tim👍,非常好用 希望批量导出功能可以尽快上线 要不然一个一个导出有些麻烦,False
13325234573,2025-10-28T13:48:30Z,kick_bo,5,bug,右上角的分辨率选为1080p或760p时色彩模式会和log模式重合,False
13815133474,2026-03-05T05:02:03Z,88885462685,5,很不错的拍照软件,果然是飓风出品，界面清晰简洁，非常适合喜欢手机记录的摄影人群，不错支持专业版,False
13368222629,2025-11-07T15:28:00Z,mretanz,1,为什么总是要我重新登录,每隔几天打开这个软件的时候，都告诉我要恢复购买重新登录，烦不烦,False
13340627982,2025-11-01T04:28:56Z,YuZhouHu,3,不错，就是不能拍照,不错，如果有拍照功能就好了，动态还要收费69元给终身版，就太贵了,False
13332290824,2025-10-30T05:37:02Z,roki_l,5,终于摆脱iPhone的拍照锐化过度了,拍的动态照片清晰度和柔和度刚刚好，受够了iPhone照片过度锐化。,False
13375843327,2025-11-09T10:40:05Z,zbhnut,5,真的太棒了,飓风相机虽然比我想的要不完美一点但是已经很棒了 无限进步！,False
13661632063,2026-01-22T05:56:16Z,返回输入结果,1,大模型时代连个验证机制都写不好吗？,从来没有就这么无语😓的软件，图让我重新验证，每次验证都能卡住,False
13341395226,2025-11-01T09:25:55Z,大橘为轻,3,优化,能不能优化一下啊，打开直接手机死机，风景没了还没好，好了还得重新登录,False
13334116607,2025-10-30T15:31:23Z,燕洋，,5,真的太好用了,买课程 送pro 太牛了  相机  比较省事  如果滤镜再多一点就更好了,False
13353962623,2025-11-04T04:47:31Z,梁园sherlock',4,软件需要优化,切换镜头的时候有明显卡顿，能不能加个拍摄后直接保存到外接设备,False
13492493497,2025-12-09T05:43:31Z,辉呵呵呵呵呵呵,5,一直更新一直使用,"不断改进～很好用这个给一星
另外四个星是给写更新日志的小伙伴的",False
13334050084,2025-10-30T15:13:56Z,反正就是瞎取的昵称,5,很好用啊,很好用啊，log模式Apple15pm自带相机没有，这个相机有这个模式,False
13861685897,2026-03-18T16:53:33Z,咘咚,5,求开发前置摄像头竖拍横屏模式,就像原相机那样，前置镜头拍 16:9 模式。出了我立马升级,False
13556902350,2025-12-26T13:26:45Z,TarciGboy,5,确实不错,感觉用起来很舒服，但是如果能在专业模式下也能搓焦段就更好了,False
13642335184,2026-01-17T04:06:12Z,贺依笙,5,希望可以选择直接录制到外接移动硬盘里,如题，手机存诸空间不够，外接了移动硬盘却没办法保存到外接移动硬盘里,False
13896915487,2026-03-28T17:02:13Z,hdhxuxhhwa,4,加快门优先,快门和感光绑定是啥操作，要么都自动要么都手动，能不能改成单独调节,False
13412646697,2025-11-18T12:51:05Z,摸鱼 66,2,需要再打磨打磨,修修 bug 行不行，这半成品就放上来了，经常性打开黑屏，正经拍的时候着急用不上,False
13744315393,2026-02-13T11:47:18Z,段青山,1,难用，新手别买！！！！,复杂，不如原生相机，拍照需求不大的路人千万别浪费钱！真没用！,False
13692114588,2026-01-30T08:40:36Z,法律人苏子,5,很棒的体验,lut 在景色方面特别棒，再开发几款专用于人像的就更好了,False
13328653306,2025-10-29T09:47:56Z,烨丿,5,good！,非常好用 普通人能很快上手 如果变焦可以不是硬切换就更好了,False
13583781774,2026-01-02T04:53:18Z,老秋！FallDash_,3,希望多加一个画幅选择,就是可以选择4:3 16:9……巴啦巴啦一些其他的画幅，谢谢了,False
13464836016,2025-12-02T02:28:48Z,Galaxyyyyyyyyyyyyy,4,拍照比例,能不能设置一个拍照4：3的比例吧，一直都是16:9太难受了,False
13361647454,2025-11-06T00:42:40Z,大刀客2001,1,不值得付费,"就目前产品质量，显然不值得付费。
而且也拍不了hdr视频。",False
13371758853,2025-11-08T12:05:31Z,玉如多喝点好一点干啥的,5,log拍摄问题,14pro为什么不能支持log拍摄呢？能不能罗列一份支持的列表呢？,False
13358234114,2025-11-05T05:23:48Z,Flame_River,4,希望能够调整实况照片拍照的画幅,其他都挺好，就是照片的比例固定了，还是想要正方形或者其他比例的照片,False
13327368827,2025-10-29T01:00:08Z,ht1_2025,5,太好用了！,之前买了Apple log的课可以直接使用专业版！超级好用！,False
13334090933,2025-10-30T15:24:42Z,绝望的骨灰,3,有很多地方可以改进,不能用相机键启动，不能拍摄静态图片，导出照片缺失exif信息,False
13552807955,2025-12-25T10:35:46Z,Tarss s,5,购买的pro 失效了,买的课程，然后更新后就实现了，恢复购买也没有用奥，怎么解决呀,False
13367766958,2025-11-07T13:26:52Z,Chillmybones,5,无限进步👍🏻👍🏻👍🏻,文案好有才 修复了公司的无影墙会有视频吗 想看四维表情kkk,False
13335916564,2025-10-31T01:19:25Z,麻烦那么还要解锁,5,批量导出功能！,昨天拍了一天，累计一百多个素材，一个一个导出太麻烦了，我真的要哭死,False
13412803948,2025-11-18T13:37:52Z,井无轩,2,不能直接录制到外置存储里,如题，手机内存小的似乎无法很好的使用，因为录一点就满了😢,False
13355850347,2025-11-04T15:38:41Z,老牛蛙之父,5,TIM良心！,确实很不错，收费不高。买同步课就附赠pro版，功能齐全！,False
13812322423,2026-03-04T10:09:45Z,Oscar_Kao,3,无法切换影像风格,iPhone 15拍摄界面左右滑动上下滑动都没有任何响应,False
13596448144,2026-01-05T05:38:49Z,栩桉H,5,挺不错的，等我换最新款再全面体验,很好用的软件，也买了tim推荐的课程，等有时间了好好学习一下,False
13892088314,2026-03-27T10:39:59Z,你爹特别来骂你,3,发烫 掉电快,用了一会会就会发烫，非常烫  然后无法从相册导入照片到app,False
13872300736,2026-03-21T17:40:56Z,累诶,5,太喜欢了,这个影视飓风简直就是神来的，太好用了，旅游必备！自拍必备！,False
13329573288,2025-10-29T14:13:11Z,-苏木-,5,买了调色课程专门下载的,喜欢摄影 喜欢研究 才能更好的无限进步，影视飓风太强了👍,False
13349854214,2025-11-03T05:56:57Z,徐孙凯,1,15pro切焦段就闪退 非常恶劣,感觉软件根本没做什么优化 切焦段5次闪退4次 、还花了49支持 让人心寒,False
13633029064,2026-01-14T16:43:58Z,Chen junru,5,评价,确实是一款很不错的软件。无论是设计上的小细节还是页面的ui。,False
13335849349,2025-10-31T00:53:40Z,麻辣🍲,5,需要优化,长焦段切换画质以及帧率时候会卡 希望优化 支持影视飓风,False
13896747754,2026-03-28T16:09:50Z,xusign _163,4,为什么没有滤镜的选择？,iphone 17 标准版为什么没有切换lut的功能？,False
13599952796,2026-01-06T02:39:27Z,15max用户,1,不值得,并没有iPhone直接拍好看，普通用户完全没必要买这个,False
13399005205,2025-11-15T02:19:06Z,我是Lionel MESSI,3,购买了课程了,使用下来好多功能没有完善，真不如另外两个，希望快点更新,False
13326362649,2025-10-28T19:03:18Z,不卑不亢1qa z,5,简洁好用！,画面干净，比那个蓝色的相机软件好上手多了，功能也很强大,False
13323797003,2025-10-28T05:28:06Z,哎呀哦嚯,5,爱了,高级的ui和丝滑的动画，美妙！还能导出live太好了🥹,False
13379851343,2025-11-10T09:29:03Z,Feb_Andy,1,15pm拍摄太糊了，不如原相机清晰,App与手机原相机对比，太糊了，近距离拍摄，都无法看清文案,False
13883872498,2026-03-25T01:36:15Z,何靖寰,5,简单好用,省去了太多不合理且不优美的调整方式，他们自带的滤镜就很美,False
13331556150,2025-10-30T00:33:06Z,Joonwei,5,预览画面有点卡,已经开启的是60帧画质，但是预览画面只有30帧，希望改进。,False
13324737680,2025-10-28T11:33:49Z,yyyyccc_,5,终于有没广告、界面简单、上手容易的拍照软件了,导出套lut的live图超好用。信任影视飓风就完事了。,False
13401271930,2025-11-15T15:30:00Z,makima sama,4,upup,希望影视飓风越来越好，软件自适应几天后用起来很舒服😌,False
13399446867,2025-11-15T05:12:46Z,hellcer,4,求加入外录功能,这么强的视频拍摄，不能直接录制到外接硬盘，感觉少了灵魂,False
13325705775,2025-10-28T15:51:48Z,飓风粉丝,5,建议,效果很好，就是可以考虑增加用AirPods收音的功能,False
13446985265,2025-11-27T14:17:53Z,爱吃糖的小阿飞,1,更新后bug多了,相机闪烁，黑屏，把手机卡住，打开三次，三次不一样的bug，服了,False
13349849747,2025-11-03T05:54:58Z,太晓东,1,难用,一款相机软件，想拍一张普通静态照片，都拍不了，不是很奇怪吗,False
13334098556,2025-10-30T15:26:41Z,果粉壹号是我,5,摄影不错,还行，就是自拍好看，拍完了就不好看了。 希望后续加入拍照功能,False
13325341531,2025-10-28T14:16:08Z,X-Skye7,5,App界面,App界面真的很高级很干净，希望后面保持这个界面风格，超级棒,False
13744197868,2026-02-13T10:59:08Z,PanGao123,5,新增艺术水印,相机app总体很好用，希望可以添加点白边艺术水印功能,False
13773534424,2026-02-21T15:12:10Z,九成七啊,1,还不如原相机拍的好,智商税了，还不如原相机拍的色彩好看，滤镜没一个是好看的。,False
13325480928,2025-10-28T14:52:23Z,Panda_NJR11,5,好好好,希望可以越来越优化 iphone的相机按键能快捷启动,False
13324572117,2025-10-28T10:41:50Z,apxiaoyou14,5,有点BUG,今天下载了看了一下，发现选择帧率为120帧的时候会很卡,False
13325019745,2025-10-28T12:51:50Z,ken_CUMT,2,iPhone15pro lut烧录对比度低,直接用lut烧录视频依旧有点雾蒙蒙的，还原色彩不正常,False
13324399236,2025-10-28T09:41:27Z,behind mask,4,14pro无法使用LUT,14pro无法使用LUT，14pro功能不全，后续会更新吗,False
13832097982,2026-03-10T02:04:36Z,东哥拉米,4,目前用起来还是不错的,不过希望可以在流畅度上优化一下，并且增加夜间模式。,False
13757909303,2026-02-17T05:07:32Z,📷苍月🥕,5,Log预览,现在只显示一个Log了，不知道是用的log1还是Log2？,False
13336385114,2025-10-31T04:33:09Z,13号Lucas,5,好用,方便，好用。另外能不能让相机控制打开软件，真的很需要,False
13325374889,2025-10-28T14:24:49Z,韶知津,5,希望能更防抖一些！,可以加个防抖功能吗，这个相机对手抖人士有点不友好😭,False
13325837182,2025-10-28T16:27:44Z,Xiaoiiiiii,3,能不能支持手机稳定器的变焦功能？,用的大疆 7pro，变焦无法用呀，自拍手势好像也不行,False
13815414398,2026-03-05T07:36:17Z,AppStore观察员,5,@Tim升级之后普通用户不能拍照了吗,看到有新版本，点了更新，更新之后拍照是pro专属功能了？,False
13325158304,2025-10-28T13:28:35Z,yankq,5,支持,视频拍摄功能很强，期待加入静态照片的实时滤镜拍摄功能。,False
13327541620,2025-10-29T02:06:10Z,摄影小白.,1,体验,15pro以下别买了没用，为什么14pm不能用他不配吗,False
13324300276,2025-10-28T09:03:44Z,GoodCCp,5,很不错的软件，我这个小白很好上手,支持tim和他的小伙伴们，软件很不错我会拍照了！！！！,False
13327525202,2025-10-29T01:59:50Z,留白李kaka,5,14pm没有lut预览,朋友 专业版开了，没有lut预览，是设备功能受限嘛,False
13518671305,2025-12-16T03:00:50Z,很无语四垃圾软件,2,iPhone17pro调滤镜会死机,iPhone17pro来回调滤镜会死机不知道为什么,False
13324983965,2025-10-28T12:42:07Z,永恒对待,5,下载了也购买pro版本了,希望功能越来越完善，增加变焦进度条，能不能，原生拍摄照片,False
13546570537,2025-12-23T16:14:42Z,很不错你,5,视频拍摄没有闪光灯么？,两个问题，1-视频拍摄没有闪光灯么？2-没有锁定曝光么？,False
13358769424,2025-11-05T09:15:49Z,熊猫向荣,5,希望增加iPad端多机位监看功能,如果iPad端增加多机位监看功能，这也太酷了吧！,False
13808786807,2026-03-03T09:25:44Z,YUItan.,4,没有照片预览的设置，拍完回看还要去系统相册很麻烦,没有照片预览的设置，拍完回看还要去系统相册很麻烦,False
13333385327,2025-10-30T12:19:39Z,回家女复古c的风格,5,增加美食类lut,希望增加美食类lut，以及启动为什么就是0.5倍,False
13329488266,2025-10-29T13:51:15Z,野生的飞友,5,不错,如果加一个多机位用iPad监看就不错了，然后还可以切镜头🥰🥰,False
13394911707,2025-11-14T02:07:45Z,莫古力,5,功能建议,建议关联到侧边快捷键里面，实现长摁快捷键打开飓风相机,False
13328093490,2025-10-29T06:02:30Z,Andres Navada,4,希望修复闪退问题,17p选择点白平衡会闪退，其他综合体验还是不错的,False
13334023776,2025-10-30T15:07:05Z,伏戚,5,好用,挺好用的嗯对，就是不能批量导出，不过后续应该会可以的,False
13847045824,2026-03-14T12:48:11Z,官方希望看到,5,好用哦,希望增加添加lut的功能 这样可以导入自己喜欢的lut,False
13399688562,2025-11-15T06:55:49Z,椰子酥,5,让拍摄渲染变得如此简单,让拍摄渲染变得如此简单，降低难度后提升了拍摄的快乐,False
13358907863,2025-11-05T10:10:56Z,希望研发组采纳,5,16系列闪图,我的16pro max 安装后闪退，系统18.6.2,False
13324870610,2025-10-28T12:11:12Z,如风丶往事,4,照片的比例不能调整,现在这个照片比例不常用，就没有别的比例选项设置了？,False
13910213088,2026-04-01T11:06:07Z,我只是一个路过的玩家,3,为什么取消了log照片,不是谁都喜欢拍实况照片的，好歹给个关闭的按钮啊。,False
13323855336,2025-10-28T05:55:39Z,不如躺着吃西瓜,5,是一款好的用心的产品,不论是易用性还是专业性都很不错，带来了极佳的用户体验,False
13325123561,2025-10-28T13:19:24Z,novel233,5,终于出来了,等太久了 还是非常期待的了希望下个版本更新 相机控制按钮一键启动,False
13403875413,2025-11-16T06:37:30Z,lei ，,5,加防抖,能不能加强防抖，black magic 的防抖就挺好用,False
13872173635,2026-03-21T16:57:58Z,芙芙不会后轮滑,5,感觉非常不错,软件用起来整体都不错上手简单尤其是修复了无影墙,False
13355190245,2025-11-04T12:41:31Z,继续继续技术监督局,5,批量导出,各个方面用的非常舒服，就是什么时候可以批量导出,False
13325569464,2025-10-28T15:15:27Z,昊1207,5,好用,"非常好用，拍摄动态还可以加纳lut,这就很顶了",False
13332714670,2025-10-30T08:38:25Z,阿尔伯特的老公,4,希望能赶快加上直方图和斑马纹,我感觉调整曝光没有这两个东西对于新手来说太难了,False
13323766886,2025-10-28T05:13:37Z,很难伺候。,5,第一第一，,买了课程 但是不知道怎么激活免费使用log模式,False
13332674141,2025-10-30T08:22:21Z,ponotg,5,lut,好评，但是没有导入 lut 的功能，希望能加入这个功能,False
13827563296,2026-03-08T17:56:06Z,20020108jie,3,中规中矩,挺不错但是有待完善，lut 实在是太少了只有7个,False
13617316593,2026-01-10T14:49:31Z,卡卡罗特.？,1,简直糟糕透了,好评全是刷的肯定的 毋庸置疑！全是bug 画面卡顿！,False
13325265125,2025-10-28T13:56:29Z,夜の乌冬,5,希望能出一个单独拍照app,很少使用视频功能，希望能出一个单独拍照app🥺,False
13865370011,2026-03-19T18:21:15Z,我想去参观影视飓风,5,非常顶，影视飓风 没让人失望过 虽然还需要成长,加油，反馈回复竟然那么及时，就跟微信聊天一样！,False
13327733165,2025-10-29T03:23:22Z,AD猫钙,5,直观且专业的界面,专业功能的下方，以及一目了然的参数。望持续更新,False
13620261786,2026-01-11T08:21:12Z,呸喽prpr,3,设置里没有导入lut的选项,已购买专业版，和给的课件界面完全不同，盼回复。,False
13922063864,2026-04-04T15:57:38Z,jacklove111,5,好用,非常好用，是我至今用 kino 和 bmc 中最好用的,False
13594756194,2026-01-04T19:12:43Z,GawrGura.hololive,5,直方图,我不知道是不是因为我没找到，但要是有个直方图就好了,False
13325167424,2025-10-28T13:30:58Z,weekshantty,5,设计逻辑符合摄影师拍摄逻辑,非常好用 产品设计简洁高效 LUT 也调的非常舒服,False
13382478350,2025-11-10T23:24:03Z,拉宽油封,4,似乎还不能直接录制到外接硬盘中,什么时候能直接录制到外接硬盘，就什么时候改成 5 星,False
13343209957,2025-11-01T17:27:17Z,NoWhereToPut,5,非常不错,感觉很好，很适配我的15ProMax，支持一下,False
13815430553,2026-03-05T07:45:07Z,momoksaki,1,lut倒入,挺一般的，lut都不能倒入，就只能用那几个自带的,False
13753958740,2026-02-16T02:28:46Z,genieho79,4,无法调整照片像素,用相机拍照，分辨率只有600万像素，请问问你调整,False
13808914362,2026-03-03T10:28:45Z,训斥那光,4,一般吧,视频防抖能力没有原生相机好，其他还行，还得打磨,False
13383324057,2025-11-11T05:00:42Z,skrinout,4,iPhone14Pro 不支持log模式？,14pro 系统是18.0，不支持Log模式吗,False
13460820334,2025-12-01T01:44:46Z,索尼798,5,Log,我的苹果13pro为什么不支持Log动态功能,False
13333479317,2025-10-30T12:45:22Z,Ziraoqaq,4,希望能添加一个通过相机按钮直接打开app的功能,希望能添加一个通过相机按钮直接打开app的功能,False
13327767751,2025-10-29T03:38:17Z,L EO·H,1,恢复不了购买,我很早就已经买来那个课了，为什么恢复不了购买？,False
13345277129,2025-11-02T05:07:34Z,我说我不是人了吗,3,不能使用外置固态硬盘,插上外置硬盘无法识别、B开头的、F开头的app能识别,False
13857072053,2026-03-17T09:45:32Z,Joseph13217,1,背刺,卖课的时候诱导消费，现在又降价到20，纯背刺,False
13333156241,2025-10-30T11:13:23Z,白白唔,5,我的手机低人一等了,我的14pm不支持log，好多功能用不了😭,False
13355080202,2025-11-04T12:09:35Z,MRZLEO,4,每次更新都需要重新登陆,没有存储账号信息，导致每次更新都需要重新登陆,False
13331532333,2025-10-30T00:24:06Z,歪腰咸鱼,5,能不能增加一个增强运动防抖？,现在的稳定器模式，跑步的时候拍摄还是比较抖。,False
13842939721,2026-03-13T08:35:16Z,终归不是她,5,可以支持蓝牙连接麦克风嘛,真的非常希望能蓝牙直连麦克风，这样方便不少,False
13327838571,2025-10-29T04:09:18Z,zty961024,3,为什么购买了49元课程之后app还是要收费？,为什么购买了49元课程之后app还是要收费？,False
13325553217,2025-10-28T15:11:13Z,不辜负超出部分,3,17pro界面有问题,一切lut画面就变小 而且上方字体挤到一起了,False
13384325569,2025-11-11T11:55:10Z,Erik”,5,，,弥补了苹果相机拍摄时多种参数不可调节的空洞,False
13818566244,2026-03-06T05:15:13Z,泡椒耗儿鱼,1,体验太差,买了会员还要重新花钱 几个lut饱和度战士,False
13358073669,2025-11-05T04:11:58Z,带你啦破亿啦,5,拍摄比例选择,现在只有 16:9 的，能不能出个多样的选择呀,False
13349756117,2025-11-03T05:13:42Z,xiaxiaxiaxia1999,1,感觉，比较的简陋,和bmc比起来简陋很多，没法选录制保存位置,False
13347189987,2025-11-02T15:21:26Z,牧先生1999,5,建议项,相机键无法快捷打开飓风相机，希望能尽快适配🙏,False
13784766440,2026-02-24T18:04:42Z,樂秋棠,5,要改进,希望可以像blackmagic一样用外部存储,False
13327458831,2025-10-29T01:34:24Z,程序太傻,1,很差,抖音用手机号购买。在软件中无法恢复购买，很差。,False
13385038403,2025-11-11T15:17:12Z,生命有的绝对,5,新手用上手很快,很适合懒人，但是还可以再懒一点，比如批量导出,False
13909955227,2026-04-01T09:17:52Z,邓先威,5,log open gate 模式下，拍视频没声音,log  open gate 模式下，拍视频没声音,False
13689846613,2026-01-29T17:24:02Z,超级鼠⎛⎝(ʘⱅʘ)⎠⎞,5,功能上的增进🤔,希望快门速度与 iso 可以单独开关自动挡,False
13857479139,2026-03-17T12:36:43Z,chinllin00,1,不好用,花钱买的！右下角滤镜都没有，还找不到客服！,False
13325718434,2025-10-28T15:55:11Z,58582352486,5,6,手机不支持log 先好评了，没有色调调节吗,False
13541545081,2025-12-22T08:21:21Z,王同学182,4,什么时候加入富士lut,加入富士lut并且提高拍摄live的分辨率,False
13350469755,2025-11-03T10:09:32Z,李泽泽zzz,5,希望可以增加青青风格化lut,Applelog2专用那个，那个色彩真的很好看,False
13353298875,2025-11-04T00:31:45Z,凌浩良,5,好用,什么时候能让相机按键直接打开软件就更好了,False
13853393180,2026-03-16T07:16:56Z,鞥德吉123,5,非常好用,良心app，这价格这服务……要啥自行车🚲。,False
13328810225,2025-10-29T10:41:20Z,光与影xx,5,试用了一下app直接就买了！,可以快速的自定义参数，真的是我超爱的功能！！！,False
13488593578,2025-12-08T04:34:28Z,在你坟头跳倍爽,5,可否加入外置lut,能不能让tim做一个可以导入其他lut的功能,False
13489618530,2025-12-08T12:13:00Z,郑沅钊,5,建议,希望能实现导出之后在相册里面能看到相机信息,False
13327923326,2025-10-29T04:46:29Z,海胆哥Y,5,建议,希望 lut 能多一点，还有能加上照片定位,False
13395567519,2025-11-14T06:56:19Z,是手机手👋,4,拍摄有点掉帧,拍摄有点掉帧，是因为选了 lut 的原因吗,False
13325145218,2025-10-28T13:25:07Z,王文志0131,5,终于等到了！,界面设计易用，把我的手机变成了专业的电影机,False
13863551806,2026-03-19T06:15:33Z,浮梦m,5,更新小建议,希望能添加时间地点日期水印的功能，很需要,False
13888046919,2026-03-26T07:11:36Z,supblack,3,希望能有以下改进,"1.增加斑马线功能
2.增加导入lut功能
3.增加录制高帧率功能",False
13880856290,2026-03-24T05:07:09Z,刚第一次给回复,1,。,充了钱发现没有滤镜拍照比原相机还模糊。。,False
13692245204,2026-01-30T09:38:16Z,to o o o o,5,功能问题,为什么我这款成为pro了还是没有滤镜功能,False
13371186270,2025-11-08T08:49:22Z,毓鋆,5,希望能尽快解决切换app之后相机卡住的情况,非常好用的一个拍摄工具拯救了我这个手残党,False
13342796860,2025-11-01T15:43:53Z,露露老师。,5,登录有问题,功能很牛  但是登陆隔两天就莫名其妙会掉,False
13358190831,2025-11-05T05:03:59Z,阿萨德个消磨殆尽,2,没有那种视频给人的冲击感,继续加油吧，目前来看，个人觉得亮点不足。,False
13324031835,2025-10-28T07:14:10Z,土土爱吃土,5,支持,终于用上了 等了好久 加油影视飓风 加油Tim,False
13325085987,2025-10-28T13:09:29Z,马马哦,4,好,都挺好的 但是 16e 不支持动态照片😢,False
13353488201,2025-11-04T01:40:23Z,蔺柚子,5,👍tim,舒服 tim 好评 就是登陆老掉 我都登陆四次了 这有点糟心,False
13905760975,2026-03-31T04:48:17Z,玩家ce l,3,评论,本人比较喜欢拍照，不是录像，可惜要拍照要花钱,False
13912929316,2026-04-02T03:44:21Z,l老司机,5,真棒,我的13pro 也可以支持使用了，完美,False
13677155158,2026-01-26T09:30:10Z,熬某,5,为啥更新后，没了录制过程中切换焦段功能,为啥更新后，没了录制过程中切换焦段功能,False
13768454485,2026-02-20T04:35:29Z,yang：,1,会卡住，然后拍不了照片，要重新卸载了才可以,版本会卡住，然后要重新卸载才可以拍照片,False
13325550385,2025-10-28T15:10:28Z,enqer58,5,希望做大做强,喜欢你的每一个作品，我是你们的5年的粉丝。,False
13445770097,2025-11-27T06:03:14Z,gchjdv,1,打不开,苹果15pro系统26.0打不开会闪退,False
13353333610,2025-11-04T00:44:27Z,小黑408,3,望改进,视频录制只支持手机收音，无线麦识别不了,False
13347063772,2025-11-02T14:50:20Z,什么问题抓紧修复,2,输出加入mp4选项吧！,视频烧录时没有文件格式可选，令人困惑！,False
13324977376,2025-10-28T12:40:18Z,Z乐观,3,为什么iphone xs不支持lut呢,为什么iphone xs不支持lut呢,False
13926962436,2026-04-06T00:41:17Z,谌shen惠,4,请拍照的时候不要关闭音乐app,有没有可能有一批用户，他们喜欢拍摄的同时，还想听音乐？,False
13577653207,2025-12-31T17:03:40Z,kahljin,2,导出失败,渲染过程中，没有退出软件，但是依旧渲染失败,False
13346892740,2025-11-02T14:08:10Z,环球嘉年华,4,音频采样率,默认是44.1khz？不能更改成48khz吗？,False
13537364545,2025-12-21T04:44:24Z,王一丹,5,app使用体验,我愿称为此app是本世纪最好用的相机类app,False
13325980664,2025-10-28T17:08:23Z,Wfj935,3,Bug,17pm有bug，选了lut后画面变小了,False
13604232071,2026-01-07T06:05:11Z,Mate60RS 非凡大师,5,买课程给的终身权限，好不好用看以后,说得很好，好不好用，做不做数看以后和优化跟进,False
13408237430,2025-11-17T09:01:20Z,星辰逐月,4,分辨率太低，防抖没有原相机好，希望改进,分辨率太低，防抖没有原相机好，希望改进,False
13394902930,2025-11-14T02:04:20Z,Boring6698,4,用不了,为什么iPhone17用不了log模式,False
13917118411,2026-04-03T08:47:11Z,Dragon Tang's,5,拍照专属,照片每个风格都不错，适合拍电影类型的,False
13325582132,2025-10-28T15:18:45Z,鸽子DoveKing,5,第一次写评论,tim的8年老粉了，必须第一时间支持,False
13850468364,2026-03-15T11:43:48Z,x了去,1,绝对差评,各方面都不如极影相机，20块打水漂了,False
13839589476,2026-03-12T09:04:38Z,getchar001,4,如何将设置外部存储,在摄像时 如何将视频存到外界硬盘中？,False
13678101616,2026-01-26T15:26:23Z,AAA建材·王总,1,智商税,刚开通Pro版本就想卸载，能退款么？,False
13324080190,2025-10-28T07:34:40Z,我是越越饼,5,希望增加Apple Watch的支持,希望Apple Watch可以支持相机app,False
13891848917,2026-03-27T08:48:53Z,Zzbo y,1,没体验,不付钱好多功能都用不了，免费体验也没有,False
13924614733,2026-04-05T09:49:05Z,一夜一个呢577558774,5,太好了了,这个也是十分很好好吧，这个会员也是比较良心，,False
13687357548,2026-01-29T01:30:56Z,zwrananan,5,lut滤镜,后续会增加lut吗 或者支持导入lut？,False
13699217370,2026-02-01T02:52:45Z,bsudh023,5,好用,"非常好用的软件
非常实用的软件
非常出片的软件
牛逼！",False
13327416079,2025-10-29T01:18:05Z,edwaerdsacgf,4,稳定器这个功能太好了,14 会发热 不知道是不是我的手机太旧了,False
13744769185,2026-02-13T14:23:12Z,hebrikend,5,好用,我下这个相机只为三件事 好用 易用 喜欢用,False
13492947037,2025-12-09T09:26:22Z,Lehmann_,5,小小意见,期望图片模式的设置和视频模式的设置可以分开,False
13345523802,2025-11-02T06:49:24Z,快捷妥当d,1,用不了log动态,我14pro开不了log动态设备不支持,False
13420468101,2025-11-20T14:54:18Z,Keplerzzp,5,摄影和live让普通人拍高画质简单便捷,想问问，富士的lut以后会增加进去吗,False
13825898184,2026-03-08T07:15:08Z,Mikey_ZF,4,app内相册好像无法左右滑动浏览图片,app内相册好像无法左右滑动浏览图片,False
13357705926,2025-11-05T01:45:43Z,S.Terra,5,影视飓风,一个好的产品就是能让人开心的去使用它,False
13340332348,2025-11-01T02:31:35Z,Jiayunuil7,5,最喜欢的UP主之一,看到就第一时间下载了，必须支持😈,False
13328629135,2025-10-29T09:39:33Z,Ddddysan,1,买课了也没有pro版,各种方法都试了，反正不想花第二次钱了,False
13327644117,2025-10-29T02:46:23Z,lostryan,4,如何拍照呢,没有找到拍照入口，看起来只能拍摄视频,False
13736288218,2026-02-11T03:49:31Z,在一家大型百货大楼旁举行大型展览,4,总体还可以，但有一些问题,有一些视频不知道怎么回事无法导出，,False
13526437117,2025-12-18T06:42:00Z,meemul,2,要想照相需要掏钱！,免费的只能录像，照相需要掏钱激活！,False
13499092291,2025-12-10T23:15:35Z,fufu_uwu,1,没有拍照功能,一个“相机”连最基本的拍照都要花钱,False
13365797410,2025-11-07T00:55:32Z,超棒，就喜欢挺音乐，寻找抖音好歌曲,4,批量导出,只要有批量导出，我以后就用这个拍了,False
13330824812,2025-10-29T20:11:10Z,潘潘在路上20,5,希望可以支持片门全开,希望可以支持片门全开，自定义lut,False
13328692716,2025-10-29T10:01:43Z,rosywylie,5,支持！,看到你们的视频第一时间就来支持啦！,False
13326203283,2025-10-28T18:14:08Z,JHNYU,5,希望有照片模式,希望能开发照片模式类似Indigo,False
13325058068,2025-10-28T13:02:05Z,dfnvcvc#ggf,5,一直是老粉,课也买了，看也看了下也下了，功能不全，值得信赖,False
13680413659,2026-01-27T06:02:19Z,一霖 X,5,拍照牛,喜欢用来拍照，拍照出来的效果吊打原相机,False
13354170991,2025-11-04T06:20:30Z,无痕_,5,再次使用需要重新登陆专业版,快解决快解决，账号登陆一次就别一直登陆了吧,False
13345897448,2025-11-02T09:10:26Z,四月弥生,5,更新的好快,深色app都来了，微信在装什么X啊,False
13325833830,2025-10-28T16:26:48Z,大哥的情人,4,没有相机和位置信息,没有相机和位置信息，不知道能不能加上,False
13809873781,2026-03-03T16:21:31Z,分管低等级,4,何时能加入lut导入,超级想要啊 加油 差一分还可以进步,False
13340843131,2025-11-01T06:00:00Z,....hdhigcv,5,遇到BUG我的48mm镜头没了,15pro 48mm二倍镜头不显示,False
13331775061,2025-10-30T01:56:08Z,SnakeAJ,5,lut,17标准版能不能加个lut啊 😭,False
13329486918,2025-10-29T13:50:54Z,Far_MC,5,很好的软件,希望青青能做点rec709的lut,False
13809533153,2026-03-03T14:26:10Z,jody嘉欣,5,应用,应该拍的照片直接就到相册比较好吧,False
13595598264,2026-01-05T00:03:49Z,覃培军,5,自定义文件名,假如可以自定义文件名就更加方便了,False
13399771983,2025-11-15T07:29:50Z,张楚贤👍🏻,5,摄影,这个软件真棒，后期希望可以出拍照,False
13415880988,2025-11-19T09:39:20Z,堂吉可德。,1,提意见希望越来越好,对于摄影师来说，那个滤镜很一般。,False
13325475015,2025-10-28T14:50:52Z,Lucy：08,5,first,UI需要优化，120帧选项会重叠,False
13345250825,2025-11-02T04:56:46Z,夸奖恶魔之,3,bug修复一下！,一预览lut取景框就弱小，烦死了,False
13327854793,2025-10-29T04:16:18Z,我A n k n y m,3,为什么啊,为什么开通了专业版也没有lut啊,False
13327250072,2025-10-29T00:14:41Z,苍神之主殇,4,动态log,iPhone16plus不支持吗,False
13333542913,2025-10-30T13:02:24Z,哈哈哈…呕,5,好,很干净，但是ui味道不是很户晨风hhh,False
13808753961,2026-03-03T09:08:50Z,Felice 321,4,存储空间提示 显示有问题,手机还有100G空间，存储空间就显示11G,False
13367044713,2025-11-07T09:36:04Z,匿名哈哦哈,5,五星级版本,修复了公司的无影墙，这个修复太关键了,False
13331820603,2025-10-30T02:13:41Z,你浪三七,5,太银性了,影视飓风nb啊，好用好用，无限进步！,False
13325274780,2025-10-28T13:59:03Z,Linkjy,5,无脑冲一下,试用了一下 非常棒 一定持续更新下去,False
13463885995,2025-12-01T20:25:37Z,触手可爱小弄潮,5,bug,我开简易模式后一打开就闪退，不知道是不是bug,False
13888673139,2026-03-26T11:53:51Z,小逾酱,5,非常好用！推荐！！！,"影视飓风的粉丝报道！
非常好用！",False
13346483946,2025-11-02T12:21:10Z,V影视Kevin,1,重复扣费,ID没换，手机卡换了，竟然重复扣费,False
13366066221,2025-11-07T02:37:28Z,helixxn,2,14pro 无法拍照,居然无法拍照，不敢想象，提示不支持 vlog,False
13920603442,2026-04-04T06:55:27Z,刚下载 不知道怎么注册 看评论都说要先评论啊,4,什么时候能开放 4k120 帧？,什么时候能开放 4k120 帧？,False
13389849490,2025-11-12T19:12:26Z,迈迈~,5,Tim和李四维真的很牛，我的电子榨菜们加油,iPhone17免费就好啦，嘻嘻,False
13860330973,2026-03-18T08:02:39Z,地球霸主e,3,花了20，用里头的滤镜还要再花钱,花了20，用里头的滤镜还要再花钱,False
13353633869,2025-11-04T02:33:41Z,NATUKI威,5,无限进步,影视飓风出品很不错的一款 app,False
13350976313,2025-11-03T12:49:51Z,c初九,5,不是批评！！！我觉得挺好的且有待改进细节！！！,有时候拍两下实况live闪退一下,False
13898901384,2026-03-29T06:38:51Z,2023高考生,5,小建议,希望官方可以持续更新一些lut,False
13335985824,2025-10-31T01:45:55Z,微博之所,4,一点建议,手动曝光模式下，直方图显示一下呀,False
13325322492,2025-10-28T14:11:14Z,旭宝爱吃鱼,3,不支持拍照,不是叫飓风相机嘛，咋不支持拍照。,False
13859962895,2026-03-18T04:38:25Z,Mingjen2234,5,建議,希望在素材預覽介面增加照片大小,False
13809411384,2026-03-03T13:44:33Z,sabwangzhery,5,很好用,你可以永远相信影视飓风的眼光！,False
13827474576,2026-03-08T17:25:31Z,v9600,4,iPhone air 的影调怎么没了,之前还有，更新版本后怎么没了？,False
13752378195,2026-02-15T16:18:22Z,小竹￼9178,5,特别好，就是没找到怎么导入滤镜,没找到怎么导入滤镜，别的都挺好,False
13753640849,2026-02-16T00:10:16Z,最穷的大神,3,不支持存储外接硬盘？,不支持存储外接硬盘吗，有点可惜,False
13622737597,2026-01-11T22:00:03Z,iphone3g 4.2.1,4,什么时候支持导入lut,什么时候支持添加第三方lut啊,False
13572070864,2025-12-30T08:37:43Z,Nick Nickliuliu,5,什么时候可以出导入lut功能呀,什么时候可以出导入lut功能呀,False
13411077782,2025-11-18T01:39:03Z,ProdZZZ,5,导入lut,为啥不能导入自定义的lut ？,False
13340588311,2025-11-01T04:12:28Z,勉之者,5,提个建议,我希望低端机型可以拥有拍照功能,False
13336863552,2025-10-31T08:03:50Z,LZX-H,5,标准版能否增加lut 后期渲染,标准版能否增加lut 后期渲染,False
13335715728,2025-10-31T00:03:04Z,bclz2008,5,自定义Lut,希望尽快加入自定义Lut功能。,False
13327988980,2025-10-29T05:15:30Z,Dandy6666,5,增加调整lut浓度功能,增加调整lut浓度功能方便直出,False
13329586195,2025-10-29T14:16:28Z,meynei,1,bug？,买了pro版，不显示lut选项,False
13327903960,2025-10-29T04:37:54Z,我叫田昊天啊,5,支持影视飓风,软件功能垂直性很强，没有广告。,False
13325000604,2025-10-28T12:46:41Z,竹本马乔,5,相机按键功能无法关联这个应用。,相机按键功能无法关联这个应用。,False
13325705260,2025-10-28T15:51:39Z,mrsheepp,2,适配问题,iPhoneSE系列适配度很差,False
13336440369,2025-10-31T04:58:29Z,-jfjx,5,不错不错,买早了，早知道买课程了还便宜20元,False
13714947722,2026-02-05T09:19:30Z,铭铭if,4,不错,但是为什么拍照片快门最慢只有30分之一？,False
13433903783,2025-11-24T02:19:44Z,nateriverlyl,3,在app里面买了专业版,是否能上抖音上的课程，因为是才买的,False
13334276207,2025-10-30T16:14:06Z,快乐石子儿,5,支持影视飓风,真的好用易用，希望继续更新好的功能,False
13325576580,2025-10-28T15:17:19Z,dizzy5666,5,希望相机控制可以一键打开飓风相机,希望相机控制可以一键打开飓风相机,False
13325405099,2025-10-28T14:32:34Z,嘿hhhh h h,5,6,15标准是不是用不了，一直在闪退,False
13328553345,2025-10-29T09:11:26Z,Pymdv,5,希望增加拍照功能,如果有个拍照功能，这app吹爆,False
13349908200,2025-11-03T06:20:29Z,淮殇孤影,4,自己退出登录,软件关闭后会自动退出登录 导致需要重新登录,False
13380233831,2025-11-10T11:49:21Z,娜娜爱知识,3,登陆问题,时不时就需要重新登录这个有点烦,False
13325644249,2025-10-28T15:35:23Z,djromro,5,蛮好,早点出来就好了，白买了很多软件,False
13324589463,2025-10-28T10:47:34Z,Apple betty219,5,太棒了终于等到！,非常好的app 拍lut无敌！,False
13370633853,2025-11-08T05:11:27Z,望江酌,5,每次都要重新登录,每次使用都要重新登录希望优化,False
13835314771,2026-03-11T01:18:58Z,yezi1207,3,照片风格调整没有苹果自带的好,照片风格调整没有苹果自带的好,False
13703425736,2026-02-02T04:44:44Z,绝对绝对不像假的吧,4,打不开麦克风权限,在17系统里打不开麦克风权限,False
13351584034,2025-11-03T15:30:40Z,九点四 十,5,登陆,为什么老是让我重新登录账号呢,False
13337740183,2025-10-31T12:47:36Z,留鱼尾,5,好,简单好用，抓紧时间添加lut,False
13334008625,2025-10-30T15:03:09Z,KONEKSS280,5,希望适配iOS18的深色图标,希望适配iOS18的深色图标,False
13325771558,2025-10-28T16:09:42Z,微辣也很辣,5,非常棒 期待功能迭代,希望可以增加更多预设 lut,False
13325600202,2025-10-28T15:23:32Z,寧瀟,5,问题,没有使用教程和导入lut地方,False
13473399874,2025-12-04T10:02:23Z,我爱题目,5,画面比例,可以可以增加一个画面比例的设置,False
13325397129,2025-10-28T14:30:34Z,李2414212993,1,点击拍摄闪退,为什么一点击开始拍摄就闪退啊,False
13328548793,2025-10-29T09:09:43Z,垃圾pddlaji,4,建议,在视频模式的时候，切换镜头会有闪退情况,False
13391142193,2025-11-13T03:25:08Z,我是大哭曲面童,3,无法使用了,突然无法用了，无法调用摄像头，黑屏,False
13330198139,2025-10-29T17:00:46Z,一坨小东子,1,不专业,没有直方图 没有伪色图 没有焦点图 没有画幅,False
13423371305,2025-11-21T10:22:19Z,一只没有灵感的风,5,建议加一个拍照模式,建议增加一个拍照模式和实况模式,False
13391702664,2025-11-13T07:38:36Z,Hankesmerkel,5,非常非常好,真的是一个好公司做出来的好产品,False
13818610955,2026-03-06T05:39:35Z,手游都是天坑,5,好用,一包烟钱，怎么也得支持一下！,False
13419110017,2025-11-20T06:00:19Z,苏雨灵,5,好用,希望能出个普通的照相功能哦～,False
13818292682,2026-03-06T03:00:09Z,Nanx13,1,背刺老用户有一手,宣传涨价，没有永久版，骗买课,False
13415292046,2025-11-19T04:53:02Z,jornihe,5,希望增加导入 lut 功能。,希望增加导入 lut 功能。,False
13923752301,2026-04-05T03:01:32Z,Kayxxxxxxx,5,为什么滤镜变来变去啊,更新完滤镜变了，要干嘛啊…,False
13870320264,2026-03-21T04:44:07Z,Bert great,5,无敌,绝对不是广告 真的很好👍,False
13856786173,2026-03-17T07:08:09Z,牧马人75678,5,滤镜,要是再增加点其他滤镜就好了,False
13787773687,2026-02-25T14:42:26Z,baect,5,没有标题,好用！业余党也很容易上手～,False
13829089182,2026-03-09T04:41:43Z,金箍手机壳,1,难用,超级不实用，白瞎了二十块钱,False
13490457601,2025-12-08T16:34:56Z,syfancy,5,更新日志很精彩,更新日志很精彩 请继续保持,False
13555858243,2025-12-26T05:58:16Z,拼多多特爷爷,3,光圈,什么时候可以控制手机光圈？,False
13401642036,2025-11-15T17:09:58Z,小理n¥/）g,5,有故障,有时候开机拍摄不了一直黑屏,False
13442681709,2025-11-26T11:18:03Z,FalseKenny,4,需要添加自定义lut的功能,需要添加自定义lut的功能,False
13327968081,2025-10-29T05:06:08Z,布鲁卡咔咔,5,挺好的,目前功能较少 等待后续开发,False
13381153067,2025-11-10T16:11:16Z,哇哈哈哈 123,4,功能建议,希望能尽快支持导入 lut,False
13346049637,2025-11-02T10:03:54Z,atanls,4,相机启动键选不了这个app,没有办法添加到快捷按键启动,False
13332087345,2025-10-30T04:03:14Z,King！！,1,营销大于实际展示,太一般了，好好做好系统和内容吧,False
13326696916,2025-10-28T20:51:52Z,yangyang201512,5,非常不错的相机,很好用，期待不断完善改进！,False
13325118022,2025-10-28T13:17:57Z,王初遇,5,简单易上手,内容简单明了，ui干净整洁,False
13324494201,2025-10-28T10:15:24Z,我不叫塞尔达,5,横屏的时候 设置是不是也要是横屏,横屏的时候 设置是不是也要是横屏,False
13811883623,2026-03-04T06:18:28Z,23333jjj,1,都没有原相机好看,不但没有原相机好看还比原相机糊,False
13808758748,2026-03-03T09:11:16Z,肥灿,5,还用犹豫吗,还等啥呢，别等了，吊打原相机,False
13468884579,2025-12-03T04:09:10Z,黄傲翔 666,5,建议,速速更新 opengate！,False
13441949451,2025-11-26T05:41:35Z,灬Frank灬,5,更新日志走向全民 app,日志更新了，好像又没更新🐶,False
13328390200,2025-10-29T08:07:56Z,LeeRichled,5,可以增加一个直方图吗,感觉有一个直方图会更方便一点,False
13324392647,2025-10-28T09:38:57Z,ggggcvv,5,太棒了，第一名,用着太舒服了，影视飓风太棒了,False
13832056133,2026-03-10T01:46:25Z,meeon张,5,还不错,希望可以整改一下镜头信息,False
13920096583,2026-04-04T03:02:09Z,仿佛户口就能看坎坷人生,2,16pm五倍变焦放大拍照有bug,放大拍照成像和预览不一致,False
13379476921,2025-11-10T06:47:11Z,xue ye,5,是否能有一台手机控制多台苹果手机同时开关拍照和录制,如果有协同拍摄功能就好了,False
13780832787,2026-02-23T15:33:35Z,不染尘丶,1,不如原相机,智商税了，没有原相机好用,False
13400062892,2025-11-15T09:22:04Z,..gghhvb,4,画面比例,建议添加不同画面比例选项,False
13383468495,2025-11-11T06:08:10Z,斯菲特,3,不支持批量导出啊，多素材真的难,大佬快点上线多素材导出吧,False
13371750137,2025-11-08T12:02:54Z,库库新,5,功能,感觉功能还有待进一步完善,False
13366657488,2025-11-07T06:54:26Z,大家好我是 tim,5,能不能为老机型的 iphone 做一些优化，比如 iphone13pro,tim 使用体验不是很爽,False
13344415045,2025-11-01T23:49:25Z,gdc_hcicc,5,建议别购买,个人感觉没有极影相机好用,False
13350309664,2025-11-03T09:07:40Z,洛彬亚,4,不支持相机按钮,希望增加相机按钮直接调用,False
13332769798,2025-10-30T08:59:57Z,xgxgdg,5,相当不错！,存储位置什么时候可以改？,False
13330066883,2025-10-29T16:24:03Z,可可💯,5,棒棒的！,期待已久，用过后感觉很棒,False
13325864275,2025-10-28T16:35:18Z,佳西佳,5,不错,简单明了使用方便滤镜不错,False
13325036273,2025-10-28T12:56:15Z,戎昱123,5,做的很用心，支持！！！,希望增加一下图标深色模式,False
13324518909,2025-10-28T10:24:00Z,约翰亚瑟,5,希望支持变宽镜头,希望支持稳定器和变宽镜头,False
13554868594,2025-12-25T22:44:46Z,妩媚的芒果,5,有一个提问🙋,为什么没有直方图？,False
13627560701,2026-01-13T05:31:23Z,hwxx x x,5,导出问题,只能一个一个的导出，不能批量,False
13812817859,2026-03-04T13:31:05Z,如果云知道o,1,差,说好的不降价，今天就降价了,False
13326108707,2025-10-28T17:45:35Z,Nysmation,5,無限進步~,好用，LUT 质感很好。,False
13370697524,2025-11-08T05:37:35Z,EricMx2,1,无法登陆无法联网,APP无法正常联网和登陆,False
13340950871,2025-11-01T06:44:09Z,1️⃣2️⃣3️⃣4️⃣5️⃣6️⃣7️⃣8️⃣8️⃣,3,摄,不能设置为拍照，只能录像,False
13328028234,2025-10-29T05:33:17Z,银叉INCHA,4,已付费，但没找到拍摄 动态照片的入口 机型13pro,期待这个app的无限进步,False
13324503810,2025-10-28T10:18:47Z,李小嘴er,5,为爱发电,简约而不简单版本的BMC,False
13726064113,2026-02-08T08:47:00Z,fancyzimu,5,太好用了，简单方便效果好,更新的几个预设都非常好,False
13920388666,2026-04-04T05:14:21Z,小白粥ovo,2,一般,感觉没有什么区别和优势,False
13488593415,2025-12-08T04:34:23Z,豆腐干的肉骨茶,5,支持了OG好评，希望能支持码率选择,目前的画质感觉还差一点,False
13387152954,2025-11-12T03:14:33Z,wzdliquid,5,支持下,就这更新频度，必须好评,False
13392163352,2025-11-13T10:51:42Z,stonegba,3,希望能支持自定义lut,希望能支持自定义lut,False
13379171548,2025-11-10T04:27:31Z,集霸物业,5,感觉好用,确实比苹果相机更加专业,False
13355238155,2025-11-04T12:55:08Z,_emako,5,希望持续优化更新，挺便利的,最好多加滤镜和美颜功能,False
13358781238,2025-11-05T09:20:35Z,吴小小丿,1,外接麦克风没用,解决一下外接麦克风问题,False
13350453630,2025-11-03T10:03:31Z,gqh12121,5,希望增加相机控制键启动,希望增加相机控制键启动,False
13333257166,2025-10-30T11:43:28Z,爱意止于今年,5,希望可以增加只拍照片的功能,如果有拍照功能就更好了,False
13332737541,2025-10-30T08:47:24Z,泪滴卡卡,5,批量导出功能？,什么时候更新批量导出？,False
13329412731,2025-10-29T13:31:43Z,¥看好你,5,拍照,加上拍照、延时就完美了,False
13327604574,2025-10-29T02:30:40Z,ayijdhf,5,1,不能用相机按键快速打开,False
13328530306,2025-10-29T09:02:46Z,TECH 熊,3,什么时候增加拍照功能？,什么时候增加拍照功能？,False
13327488706,2025-10-29T01:45:49Z,嘟教授2,5,非常不错,以后多支持你们其他项目,False
13325630511,2025-10-28T15:31:40Z,你给我闭嘴吧，服了,5,为什么一点击拍摄就卡退,为什么一点击拍摄就卡退,False
13323794130,2025-10-28T05:26:44Z,maxrunrun！,5,非常好相机,使我17pro旋转,False
13325105109,2025-10-28T13:14:34Z,kkkkkmmmlw,5,还是希望加上拍照功能，而不是仅仅是视频。,整体来说 很喜欢 很爱。,False
13329448736,2025-10-29T13:41:03Z,melocj7,3,iOS 17以上才能用,15pro以上才能解锁大部分功能,False
13327834409,2025-10-29T04:07:33Z,原味鸡蛋仔呀,3,无防抖  升降格  可以实况,总的来说和普通app没有拉开差距,False
13604051965,2026-01-07T04:39:11Z,Apple Watch使用者002,3,相机拍照,为什么实况照片像素这么低,False
13342399402,2025-11-01T14:08:51Z,Lionelrl,2,最后导出后，画质太差！！,最后导出后，画质太差！！,False
13497947769,2025-12-10T16:27:20Z,小你噶,5,功能强大 操作便捷,再多点青青调色就无敌了,False
13346895887,2025-11-02T14:08:57Z,班go,5,希望低端机能有拍照功能,希望低端机能有拍照功能,False
13357722716,2025-11-05T01:51:59Z,辣鸡12303,1,15 以下也要能拍实况相机,只能拍视频，拍不了照片,False
13821961917,2026-03-07T04:43:23Z,XFeeL1981,5,延时摄影,强烈要求添加延时摄影,False
13898275329,2026-03-29T01:46:37Z,脯酥全鱼,3,鸡肋,照片模式做的过于差了,False
13561525329,2025-12-27T16:52:08Z,鲸落25520,5,飓风相机对于普通人也能理解,普通人也能用懂的相机,False
13815840905,2026-03-05T11:11:55Z,ahrwby,1,很难用,还不如自带的相机清晰,False
13388769502,2025-11-12T13:49:34Z,打抱不平组织,5,人像拍摄很棒，还原美貌啦，一直很喜欢影视飓风，祝无限进步！！！,对摄影小白很友好推荐,False
13358394256,2025-11-05T06:36:23Z,巴黎铁塔下的东东,5,需要支持外部录制,手机空间还是太有限了,False
13342563648,2025-11-01T14:47:57Z,橘子味的可乐-,5,感谢出的这个App，希望越做越好,简单好用，功能强大。,False
13329398234,2025-10-29T13:27:54Z,弗居不去,5,B站来的,先好评再说，无限进步,False
13330127921,2025-10-29T16:41:04Z,chealue123,4,啥时候可以选画面比例,啥时候可以选画面比例,False
13327652774,2025-10-29T02:49:53Z,罗杰特,5,专业相机，合适好用,多得不说，无限进步！,False
13875527019,2026-03-22T15:52:37Z,htaog,5,好用,好用，希望越来越优秀越来越好,False
13326838291,2025-10-28T21:41:04Z,实干型野心家,3,根本进不去，一直闪退,打不开软件，一直闪退,False
13379958650,2025-11-10T10:11:47Z,手中沙缘,1,lut太少，且不支持导入第三方lut,这个app体积对不起体验,False
13704402852,2026-02-02T12:15:23Z,真实吐槽1024,1,黑屏啊？亮一下然后黑屏啊,黑屏啊？亮一下然后黑屏啊,False
13707495002,2026-02-03T08:10:39Z,sherry小一,5,超级有质感,比原相机拍出来效果好太多了,False
13816476154,2026-03-05T15:01:36Z,多多洛爱甜点,5,良心产品,可专业可小白，实属牛,False
13371392957,2025-11-08T10:04:16Z,tcyzy,5,很好！修复了无影墙！,很好！修复了无影墙！,False
13379892217,2025-11-10T09:45:33Z,鹿茸菌,5,很不错,买了课有免费vip,False
13340638715,2025-11-01T04:33:24Z,57843288843,4,为啥没有拍照功能,为啥只能录像不能拍照,False
13924962534,2026-04-05T12:15:45Z,南有。,3,添加直方图功能,拍照添加直方图功能,False
13871026548,2026-03-21T10:27:06Z,冰与灬之歌,3,建议,能把直方图加进去吗,False
13838615460,2026-03-12T00:42:10Z,厕所看c,4,增加直方图,建议增加直方图功能,False
13496829840,2025-12-10T10:18:42Z,好好好的mhdhdj,2,点滤镜相机闪个不停,点滤镜相机闪个不停,False
13387928508,2025-11-12T09:01:13Z,Thelordtao,4,什么时候加入拍照滤镜，干掉NOMO,这个功能，太需要了,False
13328365919,2025-10-29T07:58:14Z,飓风ab,5,太牛了,会一直支持影视飓风,False
13375012089,2025-11-09T05:22:34Z,藏玉兰小朋友,4,还行,是影视飓风一年粉丝,False
13363395044,2025-11-06T12:15:32Z,figbkj,3,登陆时收不到验证码,登陆时收不到验证码,False
13327335310,2025-10-29T00:47:12Z,泽小邓,5,好,相信影视飓风，加油,False
13324994010,2025-10-28T12:44:53Z,AIEPhoenix,5,超棒 可不可以多个拍照模式,希望还可以拍照片～,False
13324241292,2025-10-28T08:40:26Z,比个是P哥,5,颜色拍出来非常好,拍出来的效果很方便,False
13325927810,2025-10-28T16:53:16Z,FURRY_与毛,5,好用👍,首评，祝影视飓风越大越强👍,False
13334853999,2025-10-30T19:03:56Z,Toymmy,5,拍动图，闪退好几次了,系统17.0，手机15pm,False
13724527491,2026-02-07T21:44:53Z,爱拍照的比熊,5,还不错,很不错还没用不太会用,False
13323769443,2025-10-28T05:14:49Z,花v h,5,太好了，终于上线了,非常好用！！无限进步！！！！,False
13353394677,2025-11-04T01:06:36Z,Dream·,5,视频导出,快快开发批量导出吧,False
13336008053,2025-10-31T01:54:28Z,星柘,5,入门专业级相机app,好上手 新手无压力,False
13520425964,2025-12-16T15:07:45Z,彪酱呀,5,无敌,标题两个字足够了,False
13917164810,2026-04-03T09:08:10Z,阿冯啊啊,4,随便写写,为什么没有直方图,False
13881007389,2026-03-24T06:34:43Z,log2怎么没了,2,新版17pm 只能拍applelog 没有Applelog2的选项了,log2没了😔,False
13815433075,2026-03-05T07:46:30Z,。。。。、？。？。？。,1,。。。。,和原相机没区别啊,False
13765075497,2026-02-19T05:53:51Z,多出几个,2,Lut 没一个好看的 能不能多出几个？,多出几个 lut,False
13634263768,2026-01-15T00:14:10Z,深情的冬日暖阳,2,闪退,点击拍照秒退桌面,False
13366055748,2025-11-07T02:33:24Z,谁在叫我呀,5,批量导出 求求了,批量导出快上线吧,False
13349432062,2025-11-03T02:59:09Z,释天天,5,影视飓风真不错,太好用了真的省事,False
13347176217,2025-11-02T15:18:02Z,阿里木江1,5,软件细节,很不错👍 好用,False
13345619736,2025-11-02T07:27:26Z,加油宸宇,5,真的很好用,"tim 加油
！",False
13329077321,2025-10-29T12:01:19Z,DeepRed2025,5,希望把拍照加进去,眼前一亮的软件！,False
13336450950,2025-10-31T05:03:19Z,Lewis Hau,3,功能缺陷,曝光无法手动调整,False
13327374350,2025-10-29T01:02:13Z,满头扫雪,5,初体验,简单实用才是王道,False
13327898062,2025-10-29T04:35:18Z,哈哈哈😂尬,4,啊,没有地理位置信息,False
13325188583,2025-10-28T13:36:30Z,Dj东东子,5,拍照,简洁大方好用明了,False
13903541091,2026-03-30T14:10:10Z,Shdhdbxuzjshshshdhdhddj,5,太好用了！,越来越好用了🥳🥳🥳,False
13913352868,2026-04-02T07:16:50Z,Luchinuo,4,评论,very good,False
13903391013,2026-03-30T13:21:38Z,来杯花生露,5,防抖防抖,防抖终于更新了,False
13669114608,2026-01-24T06:41:43Z,599291太阳,5,苹果11pro也能用,牛逼，粉丝先吃,False
13853428384,2026-03-16T07:37:15Z,公司要求下载的,1,降价是什么玩意,背刺早期购买的,False
13388580157,2025-11-12T12:55:04Z,chengyimu,5,啥时候更新外置硬盘啊,256太难受了,False
13515258919,2025-12-15T04:56:54Z,小绿煮蛙,4,希望后续有闪光灯得功能,现在没有闪光灯,False
13399904942,2025-11-15T08:21:59Z,许典文,2,14pro系列完全没什么惊喜,反正不怎么好用,False
13370816365,2025-11-08T06:26:59Z,gwany741,5,怎么导入lut,怎么导入lut,False
13358178617,2025-11-05T04:58:30Z,Re1eAse123,5,旋风相机好用必然,专业相机拍摄，,False
13336378035,2025-10-31T04:29:54Z,91870899111,5,太棒了，小孩馋哭了😭,使用起来很好吃,False
13328048567,2025-10-29T05:42:25Z,达滴滴滴,5,挺不错的,上升空间还很大,False
13333006144,2025-10-30T10:25:11Z,simplyaswe,4,照片,怎么拍摄照片？,False
13325266217,2025-10-28T13:56:47Z,阿金❤️❤️❤️,5,有实况log好用的,上手很简单👍,False
13324867816,2025-10-28T12:10:25Z,嗯叽里咕噜接受,5,支持，简单易用,小白可轻易上手,False
13324863690,2025-10-28T12:09:14Z,而已而已cc,5,无限进步,支持，无限进步,False
13924289424,2026-04-05T07:17:43Z,MR大捷,5,直方图,请安排直方图！！！,False
13903400735,2026-03-30T13:24:50Z,找找笑笑哦红星,1,闪退,更新最新版，闪退,False
13325313831,2025-10-28T14:08:58Z,左手甄,4,愿你成为真正伟大的公司,边看，边拍，边学……,False
13896089784,2026-03-28T12:50:08Z,烟花易冷cold,5,好相机,支持T im,False
13859896231,2026-03-18T04:03:27Z,demi•_•,1,客服态度极差极差,客服态度极差极差,False
13330316939,2025-10-29T17:34:58Z,R.aaa.,1,软件闪退,更新以后打不开软件,False
13916806066,2026-04-03T06:16:35Z,回到•过去,4,继续优化,还是有点卡顿,False
13636956903,2026-01-15T17:48:47Z,群众4619,5,影视飓风赛高,就爱影视飓风,False
13444279904,2025-11-26T19:42:33Z,Yeccc,5,下次更新日志可以抄B站的,那样更接地气,False
13580716729,2026-01-01T12:06:05Z,W进击的小伙,4,还需要完善,不能切换镜头,False
13383584376,2025-11-11T07:01:41Z,南宫237730980,5,用很好,好用绝对不错,False
13351811458,2025-11-03T16:31:18Z,Neyong1,5,希望视频照片导出时附带拍摄的时间,现在只有地点,False
13342692750,2025-11-01T15:18:42Z,iX 君,5,防抖,防抖开了没用,False
13325849770,2025-10-28T16:31:14Z,oadbao,5,怎么录制慢动作？,慢动作咋弄？,False
13325607050,2025-10-28T15:25:22Z,一个电饭锅火锅,5,抢个首评,抢个首评前排,False
13325541355,2025-10-28T15:08:05Z,jdks@djdjdu：@dj,5,No.1,妙不可言👍,False
13325098326,2025-10-28T13:12:45Z,吴月寒,5,我是第一个评论的吗,用了再来追评,False
13324983159,2025-10-28T12:41:55Z,MeetingSky,5,牛,無限進步👍,False
13325007155,2025-10-28T12:48:27Z,Gramaryeo,1,iphone16pro系统iOS18.6点开就闪退无法使用,根本无法使用,False
13362879209,2025-11-06T09:14:41Z,Blizzard-D,5,真的很不错，可以强制调用摄像头,配合课程很合适,False
13328551229,2025-10-29T09:10:39Z,a天地666,5,千呼万唤始出来,由我先来测一测,False
13324787015,2025-10-28T11:47:59Z,Sangjie0713,5,终于等到了,非常好用非常棒,False
13345693227,2025-11-02T07:55:39Z,sjseu ej,1,系统版本要求太高,系统版本要求太高,False
13607916140,2026-01-08T04:38:51Z,Jollyfon,5,希望自动保存到 iCloud 云盘,太占存储了,False
13809773878,2026-03-03T15:47:26Z,啊额hff,3,滤镜太少了,滤镜太少了,False
13353951192,2025-11-04T04:42:27Z,就是就是你的呢你你你,5,能加上手表控制吗,加手表控制,False
13501714132,2025-12-11T16:49:46Z,VRVRv飞蛾复测,3,所以为什么不支持外录呢,我要外录！,False
13374976735,2025-11-09T05:08:02Z,PG-椒,2,问题,拍不了照片,False
13345179681,2025-11-02T04:28:14Z,大胖咪的保温杯,5,无限进步！,必须满分！,False
13350494680,2025-11-03T10:18:35Z,pwicndjek,4,希望适配ipad端,功能很方便,False
13344829497,2025-11-02T02:17:23Z,柚子皮y2p,5,好用,好用 支持,False
13328381842,2025-10-29T08:04:36Z,来支健力仕,5,Tim牛皮,好用不多说,False
13337605373,2025-10-31T12:11:15Z,Abner_forever,3,微信视频时拍照直接退出了，拍照选择滤镜会出现手机卡死的情况,如标题所言,False
13327558182,2025-10-29T02:12:36Z,梁潮偉,5,👍🏻,好👍🏻,False
13325682641,2025-10-28T15:45:32Z,kota49！,5,救星,无限进步！,False
13327961076,2025-10-29T05:03:06Z,字影,5,影视飓风,无限进步！,False
13345817373,2025-11-02T09:41:35Z,bjlclclc,1,要是专业程度很拉垮,该有的都没有,False
13324565516,2025-10-28T10:39:36Z,h_h_y,5,无限进步！,无限进步！,False
13330224915,2025-10-29T17:08:25Z,wind大白,5,无限进步,无限进步！！！,False
13349758487,2025-11-03T05:14:44Z,秋犁膏,5,太牛了,不愧是影视飓风,False
13488594250,2025-12-08T04:34:45Z,wowo1616,5,Tim我爱你🤟,支持！！保护！！,False
13324365442,2025-10-28T09:28:42Z,TZSYQ,5,支持！！！,无限进步！,False
13822595184,2026-03-07T09:46:06Z,大碧兜,5,五星,调色很美,False
13761353836,2026-02-18T04:31:34Z,LensForce,5,影视飓风做的不错,无限进步,False
13779294976,2026-02-23T04:38:29Z,Harlan哥哥,3,还得好好学习下,无限进步,False
13672916582,2026-01-25T05:55:43Z,fgfgfghfhffggh,5,無限進步,無限進步,False
13597663648,2026-01-05T13:43:06Z,z f z g z r s y d z,5,無限進步,無限進步,False
13419023716,2025-11-20T05:17:26Z,530507850,5,能不能出个自动挡,自动档！,False
13387250165,2025-11-12T03:55:23Z,何同学w,5,更新的真快,无限进步,False
13385303824,2025-11-11T16:30:28Z,Xiaoxiaobao1234,5,我的另一个原相机,好用极了,False
13372130175,2025-11-08T13:48:34Z,_鑫_,5,真心好用,真心好用,False
13371590323,2025-11-08T11:12:24Z,Lu Yingjie,5,无限进步,无限进步,False
13368259726,2025-11-07T15:37:57Z,假面骑士小明,5,好用,参数简洁,False
13361639611,2025-11-06T00:39:42Z,雾都小帅,5,无限进步,无限进步,False
13327944832,2025-10-29T04:55:58Z,doro爱香菜,5,必须来,支持一下,False
13349270007,2025-11-03T01:58:53Z,チンリツ,4,增加画幅比例调整！,4:3！,False
13328725971,2025-10-29T10:13:06Z,空🤔,1,13pro不能拍log动态图片,你敢信？,False
13325086525,2025-10-28T13:09:37Z,睿哲瘦了,5,厉害了,真的很牛,False
13325009034,2025-10-28T12:48:56Z,过后恢复的冠军,5,权威 2 字,不用多说,False
13323861014,2025-10-28T05:58:20Z,ＢＡＩＳＨＡＮ,5,无限进步,无限进步,False
13324984388,2025-10-28T12:42:14Z,垠雪,1,为啥拍照直接闪退,拍照闪退,False
13324721599,2025-10-28T11:29:00Z,呃我的我,3,无拍照功能,没法拍照,False
13368741463,2025-11-07T17:53:48Z,AQ逐梦,5,影视飓风越来越好🎉,好用👍,False
13331630872,2025-10-30T01:01:40Z,gcmjgsjske,5,无限进步,非常好用,False
13340793050,2025-11-01T05:38:49Z,再无懿,5,买课程了怎么解锁pro内容啊？,谁能教教我,False
13810056754,2026-03-03T17:25:02Z,小畏妈,5,Good！,非常Good！,False
13473370473,2025-12-04T09:49:49Z,什么东西垃圾玩意儿,5,好好看,非常好看,False
13325702003,2025-10-28T15:50:47Z,顾长浩,5,无限进步,无限进步,False
13896398212,2026-03-28T14:24:51Z,毛永泰,5,摄影,挺不错的,False
13326894784,2025-10-28T22:01:26Z,DDC2497,5,无限进步,无限进步,False
13355247960,2025-11-04T12:57:50Z,光吾,5,无敌,真的好用,False
13549877368,2025-12-24T14:18:35Z,fhjjhddf,5,好👌,nice,False
13327284653,2025-10-29T00:27:45Z,zefzy0607,5,tim,无限进步,False
13806421507,2026-03-02T16:34:08Z,tim 无限进步！！,5,无限进步,很好用啊啊啊啊,False
13327927177,2025-10-29T04:48:08Z,Mabbe5,5,无限进步,无限进步,False
13331943943,2025-10-30T03:02:19Z,zzvbhh,5,无限进步,无限进步,False
13411682183,2025-11-18T06:06:30Z,syabqksnsk,5,好用不卡顿，但是直接存到相册吧也不要批量导出太麻烦了！！,加油加快加油加快,False
13495697680,2025-12-10T01:43:45Z,祺韵,5,会不会出美颜功能？,会吗会吗？？,False
13325601028,2025-10-28T15:23:44Z,李向飞啊,5,飓风相机,挺好用的,False
13757292815,2026-02-17T00:30:53Z,t t落,5,好,神好用,False
13884367022,2026-03-25T05:40:25Z,案宋,2,內容少,不好看,False
13863029849,2026-03-19T01:54:19Z,urso385,3,导出前的调整无手动调整选项,望改善,False
13496175860,2025-12-10T05:09:20Z,young198416321806,5,啥时候能加入导入其他lut的功能啊,同标题,False
13422707565,2025-11-21T05:12:24Z,pilotong,5,建议加入富士LUT,如题！,False
13391448562,2025-11-13T05:42:12Z,章丘浩天装饰,5,好用,冲锋衣,False
13332431706,2025-10-30T06:40:37Z,继而咩，wosh,5,直方图什么时候出来,直方图,False
13333872742,2025-10-30T14:28:14Z,哦哦哦哦哦好的好的好的好,3,跟不上,有延迟,False
13327596169,2025-10-29T02:27:22Z,的好多话恶,5,好用,很简洁,False
13324383976,2025-10-28T09:35:40Z,心若猿魔,5,沙发,支持！,False
13519216991,2025-12-16T07:21:33Z,021续,5,非常不错,非常不错,False
13324817753,2025-10-28T11:56:40Z,Toby053,5,简单易用又强大,好用！！,False
13357761978,2025-11-05T02:06:43Z,怜昕听雨,5,好用爱用,好用爱用,False
13325286526,2025-10-28T14:01:57Z,.IHJ_ihj.,4,..,不错哦,False
13823250901,2026-03-07T14:03:17Z,青天爱刻晴,5,好,太好用了,False
13380867268,2025-11-10T14:51:33Z,枫叶万象,5,非常好用,很实用,False
13410898209,2025-11-18T00:27:04Z,陈安研,5,支持影视飓风,无限进步,False
13823312162,2026-03-07T14:22:53Z,laiiiiioooooooot,5,可以 很详细 相当于便捷相机📷,goooooood,False
13327835269,2025-10-29T04:07:55Z,Yuan-A,5,非常好,Good,False
13325399434,2025-10-28T14:31:08Z,Pika卡,5,怎么回复b站购买过的pro版呢,上述,False
13595990018,2026-01-05T02:29:44Z,鼻他还难把出来,1,不好,不好用,False
13324756472,2025-10-28T11:39:23Z,y27688,5,好,专业,False
13402960870,2025-11-16T00:37:50Z,Milk-M奶嘴,5,前摄竖屏横拍是否有计划适配,同上,False
13380729814,2025-11-10T14:13:38Z,傻了ℹ️,1,变焦到八度就闪退,闪退,False
13823633848,2026-03-07T16:05:32Z,cym88,5,棒棒,不错不错，,False
13355096743,2025-11-04T12:14:29Z,Yishou2373,3,是压根就不支持拍照模式吗？,RT,False
13923637394,2026-04-05T02:11:53Z,这家是个骗子,5,希望能增加多重曝光,如上,False
13357635176,2025-11-05T01:19:14Z,露脸的大汉,5,什么时候可以关联到相机按钮里 现在还是选不了,加油,False
13324942358,2025-10-28T12:30:49Z,谁叫我上课了看,5,无限进步,加油！,False
13808788471,2026-03-03T09:26:36Z,男拳带师,4,棒棒棒！,棒棒棒！,False
13874508711,2026-03-22T09:43:16Z,异支大野猪,5,买课程送的,挺好,False
13813398013,2026-03-04T16:53:39Z,回来了，babace,4,好！,好！,False
13914677191,2026-04-02T15:39:29Z,Moon-XXL,1,16promax 系统最新，目前闪退,闪退,False
13332259328,2025-10-30T05:22:14Z,比尔盖淇啊啊啊,5,很好,喜欢,False
13813342456,2026-03-04T16:33:48Z,阿漢PP,5,好用,好看,False
13355391531,2025-11-04T13:36:48Z,xxxx x x x x x x,5,无限进步✔,挺好,False
13609435742,2026-01-08T14:34:15Z,bizzzarr,5,买了课程怎么得到会员,如题,False
13366983770,2025-11-07T09:11:53Z,Jobs or jobs,5,能否加上定位信息,如题,False
13340814147,2025-11-01T05:47:44Z,flyorov,4,希望可以添加导入外部 log 添加 lut 的功能,如题,False
13899163582,2026-03-29T08:45:03Z,猫🐱。不,5,好用,很好用,False
13340761953,2025-11-01T05:25:35Z,啊啊啊smfcm,5,good,很好,False
13635557548,2026-01-15T09:57:36Z,十年米粉转果粉,5,标准版连滤镜也用不了？,？？,False
13835421206,2026-03-11T02:05:15Z,把你若,4,加油但是有轻微掉帧,如,False
13809466870,2026-03-03T14:03:39Z,不留名😁,5,很好👍,谢谢,False
13849515980,2026-03-15T04:10:45Z,杜克好好,5,yyds,非常好用,False
13608766480,2026-01-08T10:59:10Z,Hal曹,5,非常好用，多来点滤镜吧,谢谢,False
13811569403,2026-03-04T03:36:26Z,刘万熙,5,無限進步,非常好用,False
13725942241,2026-02-08T07:52:39Z,影视飓风的热衷粉丝￼,5,无,潘天鸿 潘天鸿能不能免费一些功能呀,False
13713593861,2026-02-04T23:26:16Z,Robin Law,5,iPhone Air,这个App在iPhone Air是不是无法使用？拍出来的动态照片就是原图。,False
13415605375,2025-11-19T07:28:56Z,iiiiiiii 鳄鱼电话,5,iphone14是不是没有lut功能,看到都开了lut，是不是要支持log的手机才可以打开lut功能,False
13549399590,2025-12-24T11:36:41Z,11222:34,1,素材全都不见了,昨天和今天拍的素材全都不见了！太生气了！之前的素材也没了！,False
13532801099,2025-12-19T23:49:09Z,萝卜吃兔子,4,我怎么没法加lut,如题,False
13447011133,2025-11-27T14:25:47Z,Alexrains,1,直录到外接存储里,啥时候支持外接存储？？？？,False
13434163413,2025-11-24T04:13:13Z,晓郁泽,3,对于iPhone11的优化,iPhone11拍视频时画面不清晰相比原相机砍了一半,False
13430852038,2025-11-23T08:23:30Z,A为A,2,功能问题,用着用着突然闪退了,False
13396262412,2025-11-14T11:34:08Z,勤劳的小付,5,iphone12 pro 机型没有 lut 功能,老机型有 raw 功能没有 log 就没办法用 lut ，希望能考虑下老机型用户,False
13329945486,2025-10-29T15:50:51Z,· 青岑,5,无,iPhone11可以用吗？,False
13354992879,2025-11-04T11:42:51Z,孤独地过客,3,建议改进,每次使用都重新登录,False
13329900654,2025-10-29T15:38:40Z,Garry ning,5,無限進步！,支持影视飓风！,False
13329915348,2025-10-29T15:42:34Z,艸死拼多多,1,剪辑没反应不知道哪里能套fut,和自带相机差不多,False
13327666607,2025-10-29T02:55:29Z,無限進步丶,5,無限進步,影视飓风出品 必属精品,False
13327680251,2025-10-29T03:01:14Z,翻翻评论,3,使用体验,目前功能太简陋了，期待升级.,False
13327651819,2025-10-29T02:49:30Z,"劉""",5,未知bug,15Pro Max 17.0系统 软件闪退 望修复,False
13327162308,2025-10-28T23:41:20Z,擅自删除账号,4,希望能给视频和照片加上地理位置信息,缺少地理位置信息 这个能让我决定是否使用该app,False
13449245177,2025-11-28T04:11:00Z,有球大,5,好,好,False
13324240657,2025-10-28T08:40:11Z,，qid,5,好,好,False
13458504416,2025-11-30T12:50:27Z,爱做梦的小梦,5,我要富士lut！！！！,lut！！！！！！！！,False
13325542750,2025-10-28T15:08:28Z,呀嘞呀嘞哒啧,5,好用,好用,False
13489846150,2025-12-08T13:26:08Z,埃罗芒阿老师的大弟子,5,好用,好用,False
13346547136,2025-11-02T12:38:45Z,梦魇渊,5,好用,好用,False
13815840901,2026-03-05T11:11:55Z,passengerSpike,5,好,好,False
13337807361,2025-10-31T13:05:20Z,z不爱睡觉,5,好,好,False
13379979975,2025-11-10T10:19:55Z,把路虎经济学家了,5,好,好,False
13370729136,2025-11-08T05:50:39Z,小Deng同学,5,体验,好,False
13555130546,2025-12-26T00:34:17Z,hhdhekzjn,5,好,好,False
13923894452,2026-04-05T04:05:59Z,飓风葡萄｡°(°¯᷄◠¯᷅°)°｡,5,关于评论飓风相机,我的评价是 行👍,False
13915959631,2026-04-02T23:47:06Z,gguygtguh,5,照片模式片门全开去哪了？,照片模式现在是默认4/3片门全开了嘛？,False
13916459909,2026-04-03T03:23:27Z,pixelge,3,多添加一些高质感的滤镜！和 ai 自动参数,手机拍照都想直出！那滤镜➕ai 算法参数很重啊啊,False
13895622245,2026-03-28T09:49:18Z,fhgcnj,5,？,打五星是因为没有十星打,False
13903223697,2026-03-30T12:25:22Z,我是秦大仙,1,超级垃圾的软件,完全不如blackmagic cam 免费软件！   拍照一个照片17promax    才几百kb都不如原相机！   视频120帧 相册里面没法播放！       blackmagic cam   就能够播放   真的无了个大语！  太垃圾了！  完全没用。   申请退款都还不愿意退。无语了无语了千万别买   垃圾垃圾,False
13878590843,2026-03-23T13:56:45Z,倍真,5,要是有美颜就完美了！,要是有美颜就完美了！,False
13887634022,2026-03-26T03:34:52Z,蔡总1257,1,用的卡卡的,掉帧,False
13871299438,2026-03-21T12:16:44Z,ItsBuzzyX,5,timi帅,nb,False
13877893910,2026-03-23T09:06:00Z,🉐了吧👨🏻‍✈️,1,没用,比自带原相机差劲太多了。这个就是坑人的，用影视飓风的名气来圈钱，千万别当这个冤大头，谁买谁后悔，潮,False
13846216561,2026-03-14T06:42:31Z,楚溜溜香,5,哼好用,Tim，牛逼,False
13860672387,2026-03-18T10:54:18Z,你是我的好大儿 66,1,真不值,买就图个乐子，真垃圾啊,False
13849580713,2026-03-15T04:42:00Z,我煮的悲伤。,1,无语,16pro用这个还不如原相机,False
13826803492,2026-03-08T13:42:05Z,有时不是这道题目是别的题目。,5,可以可以,牛逼,False
13845840692,2026-03-14T03:32:53Z,也一样跳跳糖,1,垃圾别买，糊的要死,说不满意可退一直驳回，恶心麻了，质感被原相机吊着打怎么好意思的？,False
13842760178,2026-03-13T06:54:09Z,饺子🥟，,1,垃圾软件,垃圾软件，一点用都没有，除了几个滤镜，有啥用，还没有我原相机拍的好，怎么好意思收费的！,False
13821681276,2026-03-07T02:42:37Z,MA.D86,5,建议开发者增加双摄功能,👌,False
13822168568,2026-03-07T06:22:56Z,h3R3航,3,为什么更新后 4k变成1920x1440og 最开始还可以120fps 但是卡顿 现在只有60fps 也是pro版本,为什么更新后4k变成1920x1440og最开始可以开120fps但是卡顿 现在只能开60 120fps选项没了 也是会员版 对比BIackmagic Cam来说 似乎专业性有待提升 包括色调 虽然用了但是发到抖音似乎颜色非常不一样,False
13819293452,2026-03-06T11:34:26Z,Alex_Zhang_99,5,影视飓风,无敌好用！6666,False
13821542670,2026-03-07T01:47:33Z,了迹奇有没,1,功能缺陷很多,功能缺陷特别多，开了会员不让退款，我猜 consumption request直接给拒绝建议，然后在抖音上卖20的，这软件也不优化，唉😮‍💨 放着再也不用了，影视飓风希望你这样能活下去吧,False
13809553037,2026-03-03T14:32:55Z,够累236565,5,nb,nb,False
13818875815,2026-03-06T08:07:24Z,发展中国家经过,1,不好用,不好用，灰色的浪费钱,False
13816374907,2026-03-05T14:27:11Z,长安小可爱945,1,苹果17不要买，什么也用不了，必须pro或者以上版本才可以用,很不开心20元白花了,False
13815093497,2026-03-05T04:41:00Z,改进667,1,差评,辣鸡！亏我们支持你，你做的什么鬼软件,False
13812446470,2026-03-04T11:08:03Z,犸滑滕他爹,1,我69买的算什么？,首发我69买现在20元666,False
13812397088,2026-03-04T10:45:29Z,小代啦啦啦,1,不如原相机,智商税,False
13812384665,2026-03-04T10:39:38Z,烟雨柳巷沐春风,1,不支持 不支持 iPados 26.3,"IPad Pro 2024 款适配非常的垃圾，目前的系统是 iPados 26.3, 希望能够后面适配平板端",False
13810281263,2026-03-03T18:46:13Z,zzzzzhhsriil,3,卡➕烫,拍完几张之后卡又发烫。然后得退出页面。重新打开app拍几张又是卡顿发烫。照片渲染什么的就很给力。就是系统坚持不了几张照片就卡的不行,False
13810229824,2026-03-03T18:27:11Z,立场坚定舞铲者,1,背刺用户一生黑,铺天盖地买推广说涨价，转手就发视频永久降价，公关是不是手眼通天啊敢这么玩？店大欺客是吧，还有绑定销售课程的呢？无语🙄以后会给影视飓风每个视频举报的，吃流量饭的敢这么做生意,False
13809960036,2026-03-03T16:51:13Z,Nobu623,2,我是冤种,大冤种,False
13809029185,2026-03-03T11:20:57Z,飞镖去哈伦哦,5,太牛逼了,太好了,False
13766427214,2026-02-19T15:12:06Z,豆子diiiini,5,个人感谢,刚出来课程就买了 可惜一节都没听过 因为每天带娃忙成狗（除去上班时间啊啊啊啊啊 ）其实也有借口的意思吧 嘿嘿,False
13725373415,2026-02-08T03:30:05Z,浮世碌,5,锁屏界面,从锁屏界面小组件启动会卡,False
13754790963,2026-02-16T09:07:26Z,山...,4,建议,希望出个馆长动漫风的lut,False
13715086188,2026-02-05T10:21:08Z,李大伯🉐88,5,牛,牛,False
13721921132,2026-02-07T06:15:19Z,你好像不太行的样子🌚,1,垃圾app,未付费前只能使用录像功能，然后拍照需要付费。结果付费后，使用效果太差申请退款，居然被拒绝，典型的圈钱app！大家不要上当！,False
13684568963,2026-01-28T09:25:20Z,王洪五,5,基础款+lut,我希望不能拍摄log的可以用上lut,False
13686400121,2026-01-28T19:25:41Z,藏咩咩,1,同类型中垃圾软件,效果并不想网站和短视频中宣传的那么好，半成品就拿出来卖？看到到处都是水军发推文说的怎么怎么好就买了。本来打算以后只用它了，买了以后和其他几款同类型软件对比以后确实功能和效果没那么好，当天就申请退款，连续拒了我两次，真的是穷到这种地步了？你软件和功能做的好我无脑支持，我买了以后当天申请退款就拒了，隔一天又申请还是给拒了，无所谓，69当喂狗。,False
13648337650,2026-01-18T16:33:11Z,某只歪歪,5,《更新日志》,因为想给个好评但是不知道应该打些什么字，今天得天妇罗很好吃，炸菌子炸鱼炸薯条都很好吃，还有酱里麻麻酱火鸡面也很好吃,False
13673995757,2026-01-25T13:23:33Z,leefee1002,1,吹的很厉害的垃圾软件,实际上就几个 lut，还没法导入别人的，垃圾,False
13666393186,2026-01-23T13:51:41Z,杨镓聪,2,设备兼容iPhone iPad iPod touch,要求系统：iOS17  这么低级的错误 有能运行ios17的touch吗 tim,False
13636815372,2026-01-15T17:02:34Z,Tom owo7,5,20岁,今天二十岁了真的好快、越长大发现记得东西越多要想的事情就越多小的时候什么都记不住也就什么也不会多想，加油吧希望可以存钱买下我的梦想之车骑去拉萨完成对小时候自己的承诺,False
13567661703,2025-12-29T06:02:36Z,容嬷嬷扎针丨,5,何时能自定义LUT？,想用自己的lut才发现飓风不支持,False
13634937335,2026-01-15T04:53:53Z,王章鱼🐙,4,希望可以把麦克风和批量导出和快速预览画面这三个功能加进去！！！！我真的很需要！！！！！,希望可以把麦克风和批量导出和快速预览画面这三个功能加进去！！！！我真的很需要！！！！！,False
13634933393,2026-01-15T04:51:58Z,讨厌*了,1,画质太拉跨！就这还好意思收费？,如题！还不如苹果自带相机拍摄的效果！太拉胯了！,False
13620235229,2026-01-11T08:09:39Z,湘南328,1,交互太垃圾,看了视频下载的还开了终身会员，结果没想到能拉到这种程度。,False
13573084866,2025-12-30T14:44:25Z,ht2046,4,iP17pro 拍 live 图一半概率会画面抽搐,"如题。
拍的 live 图片后面回放时画面会闪烁抽搐，导出之后也会，从前前前版本就开始有这个问题了。",False
13490645779,2025-12-08T17:33:30Z,SN said,5,画框线,能不能加入cadrage那种画框线和摄影机几点焦短图，因为看景时候他那个软件它那个颜色太辣鸡了,False
13490085631,2025-12-08T14:39:42Z,广告是真谛多,5,哈哈哈哈,管理更新的这个员工一定是个内心世界很丰富的职场小牛马,False
13484793573,2025-12-07T06:26:39Z,西无言午,1,机型17pm,打开容易遇到卡顿死机的情况 大概持续5-10秒,False
13480370563,2025-12-06T04:36:31Z,李嘉豪！,5,666,666,False
13477714151,2025-12-05T13:15:19Z,Anges-09,5,什么时候适配djiOM8,！,False
13468915822,2025-12-03T04:23:21Z,tim小fans,5,无限进步！,no,False
13448717081,2025-11-28T00:22:01Z,建议升级点,5,什么时候可以调节码流或者 ProRes raw 格式,什么时候可以调节码流或者 ProRes raw 格式,False
13461577208,2025-12-01T07:19:50Z,你女女闽宁,1,只能用那几个LUT 差评,差评,False
13450446009,2025-11-28T12:43:30Z,冰冰爱吃胖头鱼,4,炒鸡好用,but要是能支持导入第三方lut就好了,False
13443288762,2025-11-26T14:32:48Z,dearestcyn,5,我知道你在说谁,哈哈哈哈哈哈哈哈哈“解决了一些已知问题”,False
13408170135,2025-11-17T08:30:51Z,理智韡,5,就NB,啥也不说了nb,False
13441534169,2025-11-26T02:32:43Z,134075673,4,Liquid Glass 适配,设置里面没有适配 Liquid Glass Buttons,False
13428291521,2025-11-22T15:59:30Z,3344:：：,2,为什么用这用着打不开了,点开就闪退点开就闪退，是不适配16pm吗,False
13395104814,2025-11-14T03:25:31Z,BG4IUV,5,什么时候可以更新照片模式啊？怎么拍照片,什么时候可以更新照片模式啊？怎么拍照片什么时候可以更新照片模式啊？怎么拍照片什么时候可以更新照片模式啊？怎么拍照片,False
13399138410,2025-11-15T03:08:48Z,🪨小石头,1,卡,花好长时间拍视频拍出来的素材卡的一批，垃圾软件,False
13397449414,2025-11-14T17:13:38Z,王春岗是个骗子,1,不能加载第三方lut吗,如题,False
13395935123,2025-11-14T09:33:40Z,小夜哟,3,差点东西,滤镜好像区别不大,False
13391929502,2025-11-13T09:18:12Z,平平不皮,5,救命，到底谁发明的lsw,哈哈哈哈哈哈哈，我看见上面那一条修复了无影墙真的蚌埠住了，自动闯祸机自带buff,False
13391106249,2025-11-13T03:10:26Z,暴走卤蛋,5,App store评论区的欢乐,"- 更新了软件
- 回顾了版本更新历史
- 致力于把评论区变成社区doge",False
13391018834,2025-11-13T02:35:09Z,肖某人的某人,5,优化财务室结构？,不是哥们，你是想把财务室端了吗？,False
13389036601,2025-11-12T15:05:43Z,Tim 的 飓爽内裤😈,5,Pro,Pro～Amazing～,False
13390522534,2025-11-12T23:19:51Z,老鼠人Armin,4,可以来个RAW平面吗,既然可以拍视频和实况，增加个RAW来拯救下我这种相机佬吧求求了，实况真用不惯😭😭😭,False
13386923011,2025-11-12T01:43:31Z,加我大白,5,14promax 用不了 Lut 吧？找了半天没找到怎么切换！,急急急急急急急急急急急急急急急急急急急急急急急急急急急急急急急急急急！！！,False
13383130165,2025-11-11T03:35:50Z,Steve_Pro_Max_Ultra_Extreme,5,无限进步 影视飓风,！无限进步 影视飓风 ！,False
13379419625,2025-11-10T06:21:08Z,王木城,5,不稳定有bug,卡死，画面鬼畜跳动时有发生，还需要迭代,False
13372037749,2025-11-08T13:24:11Z,mc_jazzy,5,求proraw相机功能,如题,False
13371287415,2025-11-08T09:26:17Z,扫码运动世界,5,Tim厉害,Tim和Tim组合,False
13368619681,2025-11-07T17:18:03Z,8k11,5,无影墙修复,李四维：“#x………xxxxx……”,False
13363066944,2025-11-06T10:27:17Z,鹿屿万森,5,支持一下,666,False
13361836637,2025-11-06T01:54:38Z,Lin Chuang Yuan,5,实况防抖，实况防抖，实况防抖,我感觉飓风相机的防抖调教的没有blackmagic这么好，还有实况模式下的防抖也没有很明显，但总归我是支持的，希望有优化🥹🥹,False
13361870867,2025-11-06T02:07:38Z,+45644///*569545,1,还行,就是账号老是被退出，一段时间没打开就需要重新登录，还会时不时让手机卡死，我是 iPhone 17pm,False
13357623818,2025-11-05T01:15:00Z,Xhigh,5,疑问,一款叫做相机的 APP 也什么没有最基础的静态拍照功能 还是说我没找到(๑•̌.•̑๑)ˀ̣ˀ̣,False
13361739550,2025-11-06T01:17:38Z,我也是一個人的一個人,1,功能少,比ayo.x10.mx差遠了,False
13360321087,2025-11-05T17:06:34Z,matias.yang,3,App 不错可惜要钱,要钱,False
13357828088,2025-11-05T02:31:52Z,来来来来过,2,半成品软件,抓紧改进吧，各方面被bmc吊打。live图也是一坨，本质就是拍3秒视频，那清晰度能和24m相片对比吗？tim怎么好意思宣传效果还不错的？  不懂搞个半成品就端上来，这不是影视飓风的风格。,False
13354674579,2025-11-04T09:50:29Z,晖桑,5,好,发不了图片！不然你们会知道到底有多好,False
13357174125,2025-11-04T22:25:32Z,饿很好,3,iPhone15pro拍摄动态照片大概率卡顿，闪退，耗电太快啦😫,版本1.1.4,False
13354202079,2025-11-04T06:34:10Z,，¥：8:¥：8,5,有段时间不用再进去要重新登录账号,有段时间不用再进去要重新登录账号,False
13340015056,2025-11-01T00:31:37Z,功与过另当别论,5,改进的有很多,但他是tim,False
13350533643,2025-11-03T10:32:36Z,638204618,1,相机app没有相机功能,讲个笑话相机app没有相机功能,False
13349211806,2025-11-03T01:37:57Z,星宸屿,3,卡顿严重,好卡,False
13340270531,2025-11-01T02:08:39Z,jsbsjwjsb,1,免费版就是dog谢特,抱着想试试免费版的可以不用下了 不如原相机一根,False
13336642033,2025-10-31T06:31:00Z,西游喝酒,4,导致我iPhone一整个卡死,登录bug、导出动态图导致手机直接卡死怎么按都没用。强制关机也死机。快快优化一下吧，期待更好,False
13334463780,2025-10-30T17:06:37Z,国服第一腕豪,5,嘻嘻,冲着Tim来的,False
13333829075,2025-10-30T14:16:51Z,阳光正义积极向上,5,Tim你是我的粉丝,Tim你是我的粉丝,False
13334104534,2025-10-30T15:28:15Z,11Carrie11,1,不要购买会员,看视频下载了软件，购买了会员。实际成为会员后根本没有视频中显示的LUT选项，根本用不了。找不到售后。从购买会员到退款中间不超过2个小时。通过苹果后台购买，然后申请退款，被拒绝了，写明原因，用不了也被拒绝了。这就是欺诈呀。,False
13333510413,2025-10-30T12:53:47Z,55255235111212,5,有bug,bug,False
13333423169,2025-10-30T12:30:02Z,阿玲jxl,5,太牛了,影视飓风NB！！！,False
13333341341,2025-10-30T12:07:31Z,yaner歹,5,拉满拉满,简直无敌,False
13332683421,2025-10-30T08:25:59Z,keHud,5,Tim抽一台17,求求你了🥺,False
13332812334,2025-10-30T09:16:05Z,欧阳诗楚,4,UI 建议,希望能适配 iOS26 的液态玻璃 UI,False
13332678042,2025-10-30T08:23:53Z,有一些题目拍不出来,5,n b,还行,False
13330021921,2025-10-29T16:11:38Z,kongsonhh,5,牛,简单易上手，牛,False
13332325778,2025-10-30T05:53:17Z,拉姐KTV么得,1,垃圾,垃圾,False
13332136934,2025-10-30T04:25:41Z,@啊6啊666,4,1,什么时候出直方图,False
13331699941,2025-10-30T01:27:49Z,陈振宏,4,Bug反馈,"打微信电话的时候打开本应用会闪退
复现率百分百
机型iPhone 15 pro
系统版本17.5.1",False
13330109255,2025-10-29T16:35:45Z,爱上单车恋人,1,连看下都要VIP,不良心，感觉就是来割韭菜的，一定要买了才可以看一些功能好不好用，适不适合自己，你怕别人白嫖你，最起码也弄个一个小时试用吧？试都不让试就得让人买。垃圾,False
13329907076,2025-10-29T15:40:22Z,heythatswhatimean,5,無限進步！,来支持了！如果能读到这条评论可不可以讲讲影视飓风对于app开发方面的一些规划？很期待还可以看到更多能让大家将摄影变成习惯的app！^_^,False
13329684662,2025-10-29T14:41:55Z,neox515,5,支持,喜欢也支持，影视飓风这样的企业，像海贼王里路飞的船，带着一帮有梦想的船员，希望你们到达one peice,False
13329505297,2025-10-29T13:55:37Z,CyberStream智潮涌动,5,飓风NB！,最喜欢的,False
13328784679,2025-10-29T10:32:55Z,喜欢好用支持就完了,5,好用,666,False
13329297950,2025-10-29T13:01:32Z,看手都觉得就到家,3,苹果16pro发热严重,拍摄log4K120帧视频不到十秒发热开始,False
13328779344,2025-10-29T10:31:07Z,zhao j m 2 29,1,不咋的,做的真不咋地,False
13328135301,2025-10-29T06:20:49Z,超兽,5,软件,话说啥时候出安卓和鸿蒙版本,False
13328604357,2025-10-29T09:30:24Z,无聊的莓烦恼,4,卡顿,不知道是不是bug还是手机问题应该是手机问题搞那个动态图给我硬控快一分钟什么都按不了也动不了后面强制关了还好可能是17pm运行不起来,False
13328049540,2025-10-29T05:42:51Z,发发呆在家呆,5,tim能不能赔我钱,因为太好用了！,False
13328122278,2025-10-29T06:15:08Z,iihvcuxb,1,买了课程不能免费使用软件？,如题,False
13327990291,2025-10-29T05:16:05Z,北320 o,5,ke,希望能把手机相册里的视频照片导进去，套影视飓风的lut,False
13327838018,2025-10-29T04:09:04Z,Miller 王王王,5,飓风相机,我看看怎么个事,False
13327372767,2025-10-29T01:01:36Z,Mikukikuo,5,先给个好评,喵,False
13327331585,2025-10-29T00:45:46Z,121258686,5,非常不戳,影视飓风永远的神！,False
13326210565,2025-10-28T18:16:18Z,Marshchun,5,简单易懂🥹🥹,终于要解放applelog的双手,False
13325914911,2025-10-28T16:49:36Z,客十六,5,牛,牛,False
13325866784,2025-10-28T16:35:59Z,哔卡J,5,非常实用,6666,False
13325807973,2025-10-28T16:19:39Z,Anonymous_004,5,刚下载，来占个坑✌️,祝影视飓风越来越好,False
13325863484,2025-10-28T16:35:05Z,我是虎扑的爸爸,4,白平衡闪退,111,False
13325665507,2025-10-28T15:40:58Z,zy6x6,5,很nb了,竟然可以不接硬盘拍4k120帧 log,False
13325373727,2025-10-28T14:24:31Z,雨龙0423,5,终于等到了,试试水,False
13325354384,2025-10-28T14:19:29Z,爱吃肉的脑斧,5,不适用于iPad，不过应该没人用iPad拍照吧,iPad能打开但应用界面会显示iPhone大小，且图像旋转90度，哈哈哈，想必没有人会闲的用iPad拍照吧，希望影视飓风无限进步吧，以后有iPhone再支持，先溜啦，886,False
13325330151,2025-10-28T14:13:14Z,张峻伟,5,影视飓风相机,苹果 11 没有那些功能，希望出,False
13325342952,2025-10-28T14:16:30Z,上官比尔,1,灰蒙蒙的啊！一点也不清楚！,灰蒙蒙的一点不清楚啊！,False
13325296589,2025-10-28T14:04:30Z,远空大湿,1,套个lut都要付费 🌶︎🐔垃圾👎,"物流非常快，商品包装精致，收到完好无损，真的很满意。
质量很好，使用感也不错，性价比超高，值得推荐！
服务态度一流，发货很快，东西也很棒，下次还会来买。
商品收到了，和描述一致，整体很满意，感谢商家！
包装很用心，没有任何损坏，产品质量让我很惊喜，好评！
发货速度很快，东西也很好用，值得信赖的好商家。
价格实惠，质量很好，物流也快，买得很开心，推荐！
商家服务很好，商品也符合期待，整体体验非常愉快。
物流速度快，商品包装仔细，收到后非常满意，下次还会来。
东西很好，物流也很快，商家服务让人满意，好评！",False
13325212748,2025-10-28T13:42:48Z,这泼猴Rom,1,很差需要人名币,都是需要花钱的,False
13325196541,2025-10-28T13:38:34Z,我也是很无语的,5,奶思,一直都觉得这男人很棒果不其然,False
13325123142,2025-10-28T13:19:17Z,帅哥-無限進步,5,影视飓风無限進步,彳亍,False
13325176623,2025-10-28T13:33:25Z,武汉年发行公司工人,1,拉,开不了log别用,False
13324999500,2025-10-28T12:46:22Z,54545454661,5,支持Tim,Tim万岁,False
13324982831,2025-10-28T12:41:50Z,可爱柱柱捏,5,🥲,iPhone11集合,False
13324849611,2025-10-28T12:05:26Z,这个游戏要完了哈哈哈,5,第一个,第一个,False
13324787892,2025-10-28T11:48:14Z,追着您马超,5,牛,牛,False
13324847595,2025-10-28T12:04:51Z,不是银昕,4,ui有点混乱,菜单里面能调的东西非常少，设置的东西全挤在主界面，而且子界面分级很乱，希望优化一下设计吧，再不济学学bm的菜单和设置界面,False
13324626307,2025-10-28T10:59:35Z,楠楠 z,5,YYDS,影视飓风 YYDS,False
13324567481,2025-10-28T10:40:16Z,落地灰机,5,第一,抢占第一评论,False
13324418342,2025-10-28T09:48:28Z,JigSaw·HeiChao,5,第一个5星,来喽来喽，9.28等到现在,False
13324383626,2025-10-28T09:35:32Z,"o.O?,,,",5,第一呀,第一,False
13324388203,2025-10-28T09:37:12Z,Finish@,2,个人感觉不如blackmagic cam,不是很理想,False
13324383578,2025-10-28T09:35:31Z,无关月17,5,点击屏幕玩法，还有待提升,长按屏幕不能锁定曝光和快门，在不自动快门和曝光情况下，点击屏幕无法变换亮度和快门，这个在 bmc拍摄软件上不设置自动快门的情况下，点击屏幕可以变换到自己想要的亮度，有望改进,False
13324179442,2025-10-28T08:15:34Z,Yooooooheih,5,五星,第一时间下载了，好用的，加个拍照按键吧(^🙏^)求求了，飞猪老师的 nomo 相机不更新之后，一直想要一个简单的没有计算摄影锐化痕迹的拍照功能,False
13323856772,2025-10-28T05:56:20Z,民用氢弹,5,首评？,首评？,False
13905635086,2026-03-31T03:43:28Z,WassimStopMotion,5,nice,希望能够推出像blackmagic那个存储在app里可以直接隔空投送的功能，那个实在是太方便了，每次都要导出到相册里还要去相册删除一遍比较麻烦,False
13696459156,2026-01-31T11:34:23Z,柠檬籽呀,5,好棒的APP,可以自己调节光圈，快门什么的，要要什么风格就自己调，还不要米，棒的没边了,False
13891730267,2026-03-27T07:48:21Z,意往情深937,2,不好用,拍完的照片直接存到相册不行吗，找了半天没找到，之后在app里面还得手动导出，麻烦死了，我就是想替代系统相机拍个照，又得导出，搞得这么繁琐干嘛，搞得像很专业一样,False
13620706056,2026-01-11T11:21:59Z,谭毅峰,4,主要拍照片为主,希望加入类似LR那些调整功能，虽然目前都是以lr拍摄为主，因为这个app拍摄的宽容度很高，调节功能比较完善。但是看了这么久的飓风，相信你们一定会不停进步，所以买了终身版。希望开发者能看到我的这个反馈，并纳入考虑范围。谢谢🙏！,False
13584876720,2026-01-02T11:53:03Z,NURVISION,5,呼吸补偿！,能不能做个镜头呼吸补偿功能，iPhone17pro 呼吸效应太明显了,False
13605016697,2026-01-07T11:51:06Z,Olivia_Yeah,3,重复登陆问题待解决,"app正式上线前购买的课程，送的app专业版使用权。但是每次打开需要手机验证码登录，目前打开了三次登录了三次，不确定是不是长时间不打开app就需要重新登陆，客服没有回答。我认为这是个路径问题可以解决。
不过值得一提的是，反馈后你们客服态度好怪啊，在那强调“三个月只有2人反馈这个问题”，我不需要知道这个…我只是在反馈遇到的问题和需要解决方案。",False
13596090004,2026-01-05T03:07:52Z,柠檬工作室2026,1,改名叫闪退app算了,点开就闪退，iPhone15用户和着不支持是吧，无语死了,False
13567264001,2025-12-29T03:13:34Z,阿布ɞ,5,出个调色板功能吧,希望可以在app里加个调色板功能，特别是官方没有下放给15系列的机型。,False
13445786563,2025-11-27T06:11:12Z,半亩月光照,5,App,你这个app，不会写就不写了好不好，每次更新看的人很迷。,False
13537730225,2025-12-21T07:33:21Z,Markbihw,1,严重卡顿和闪退,虽然我是影视飓风老粉，但这个 app 打开之后一直卡顿 5-10 秒然后闪退是什么情况？重启了手机也没用，16Pro。使用 final cut camera 都没问题,False
13443557804,2025-11-26T15:53:06Z,帅的大街被砍,5,想一个珠光类滤镜,这个国民级app的更新简介太完美了,False
13441805495,2025-11-26T04:32:19Z,moomnonnk,5,请一定读评论,请求开发者一定好好写更新日志，国民级app都不一定能做到，但我希望影视飓风可以。请把每一次更新的改动尽量描述清晰，是用户决定要不要升级的主要判断依据。,False
13441764660,2025-11-26T04:13:15Z,-=WT=-,5,更新要写明，不要学国民app的作风。,坚持做好٩(•̤̀ᵕ•̤́๑)ᵒᵏᵎᵎᵎᵎ继续努力！,False
13441779402,2025-11-26T04:20:07Z,wangyan6aaa,1,livephoto尺寸太小,livephoto尺寸太小，别说2400万像素了，才800万像素，更新很多次了，还是这么小,False
13441568573,2025-11-26T02:47:03Z,罗把鸭子,5,哈哈哈哈哈哈参考国民级APP写的更新介绍,请问可是那国民级的W X哈哈哈哈哈哈哈,False
13412390930,2025-11-18T11:26:08Z,黄诚暄,5,nb,太好用了,False
13372551528,2025-11-08T15:36:13Z,爱吃巧克力的bb￼￼￼,5,非常不错，但是有一个小缺点,本人是影视飓风铁粉，课程也都买过，只不过最近发现好像切换苹果Apple store账号的时候再打开影视飓风会要重新登录的问题，个人觉得在某些时候有一些麻烦，希望可以改进,False
13366127489,2025-11-07T03:01:42Z,安身立命i,5,死机,切换至前置摄像头实况照片时触发了死机，手机第一次死机，不知道是APP 的问题还是手机本身,False
13371623803,2025-11-08T11:23:17Z,胡须佬 azusa,4,画质差,4k60fps 录制，三个焦段的成片和 lut 渲染画质清晰有点差，甚至不如原相机,False
13369701224,2025-11-07T23:22:54Z,可爱小卷88,1,闪退问题,还没体验多久 最近更新版本 解决闪退问题 之前一直没闪退过 更新后反而闪退 app都开不了🤣😤,False
13353726012,2025-11-04T03:08:57Z,小吕和恶汉,5,酷炫！期待更好,好用的app，不断学习中,False
13330682272,2025-10-29T19:25:35Z,那你是不是哭啊哭,5,很棒的 app,做的很实在的 app，精简易懂,False
13337495144,2025-10-31T11:40:12Z,Carrrrrrrrrlos,4,希望优化下live占空间过大,live一张6mb左右，比系统相机大了3倍，比极影大了7倍左右，同样heif格式，希望提高下压缩效率，节省空间。另外内置相册和系统相册删除时不互通，要重复删两遍很麻烦,False
13329914855,2025-10-29T15:42:26Z,乱世鸭子,1,无法恢复购买,这没招了,False
13324884407,2025-10-28T12:15:00Z,非常有创意2,5,人民的相机软件,如果能出几节课专门来讲解这个app会更好！支持星奥传媒，无限进步。,False
13327810011,2025-10-29T03:56:59Z,地藏Max,2,B站买的怎么激活pro,。。。,False
13327739451,2025-10-29T03:26:04Z,￴ ￴ ￴￴ ￴ ￴￴,4,快捷键设置问题,相机快捷键没有这个app显示，不能快速打开这个app需要解锁手机后单独点击在开启，快捷指令也无法找到app，希望能解决一下,False
13325098118,2025-10-28T13:12:42Z,never_mind_,1,使用设备有门槛,仅适用于iPhone pro高端用户。标准版别下载。,False
13324763629,2025-10-28T11:41:24Z,焦俊杰2001,5,15pro iOS26.0.1 点击白平衡会出现闪退,可重复复现 非概率性问题,False
13324730743,2025-10-28T11:31:43Z,匿名202206,5,爽得起飞,是目前市场上看到最爽的相机app,False
13324658333,2025-10-28T11:09:37Z,淤季,5,相信飓风团队,YYDS,False
13324644587,2025-10-28T11:05:20Z,一般般！！,5,别的不多说,期待拍照功能上线，有拍照有摄像才是完整的相机app,False
13324102573,2025-10-28T07:44:03Z,Henshine,5,第一个吗？有没有奖励啊哈哈,"目前bug较多，还不完善，先说一下我用的13p测试的。
1.各种参数全部自动的情况下，相比bmc，ISO感觉就很刻意在压低一样。
2.简易模式下，相同镜头提示不能拍摄4k60帧，专业模式可以。
3.切换app有概率黑屏。
4.拍摄过程中不能缩放大小。想拍希区柯克就不行。
5.没有lut预览。虽说设置里面有说上下左右滑动有预览调节，但目前还没有。
6.没有色调调节。
7.没有收音设置，还不确定连接麦克风有无问题。
目前发现这些问题，相信影视飓风一定能够做的更好。",False
13323863542,2025-10-28T05:59:30Z,风暴骑士的狂涌,5,终于等到了,希望用这个相机APP能使我摄影技术螺旋飞升,False
